-- MySQL dump 10.13  Distrib 5.7.17, for Win64 (x86_64)
--
-- Host: localhost    Database: tienda_de_ropa
-- ------------------------------------------------------
-- Server version       5.7.17-log

/*!40101 SET @OLD_CHARACTER_SET_CLIENT=@@CHARACTER_SET_CLIENT */;
/*!40101 SET @OLD_CHARACTER_SET_RESULTS=@@CHARACTER_SET_RESULTS */;
/*!40101 SET @OLD_COLLATION_CONNECTION=@@COLLATION_CONNECTION */;
/*!40101 SET NAMES utf8 */;
/*!40103 SET @OLD_TIME_ZONE=@@TIME_ZONE */;
/*!40103 SET TIME_ZONE='+00:00' */;
/*!40014 SET @OLD_UNIQUE_CHECKS=@@UNIQUE_CHECKS, UNIQUE_CHECKS=0 */;
/*!40014 SET @OLD_FOREIGN_KEY_CHECKS=@@FOREIGN_KEY_CHECKS, FOREIGN_KEY_CHECKS=0 */;
/*!40101 SET @OLD_SQL_MODE=@@SQL_MODE, SQL_MODE='NO_AUTO_VALUE_ON_ZERO' */;
/*!40111 SET @OLD_SQL_NOTES=@@SQL_NOTES, SQL_NOTES=0 */;
mysqldump: Got error: 1812: Tablespace is missing for table `tienda_de_ropa`.`pagos_de_contado`. when using LOCK TABLES

D:\>mysql -u root -p
Enter password: ***********
Welcome to the MySQL monitor.  Commands end with ; or \g.
Your MySQL connection id is 8
Server version: 5.7.17-log MySQL Community Server (GPL)

Copyright (c) 2000, 2016, Oracle and/or its affiliates. All rights reserved.

Oracle is a registered trademark of Oracle Corporation and/or its
affiliates. Other names may be trademarks of their respective
owners.

Type 'help;' or '\h' for help. Type '\c' to clear the current input statement.

mysql> use tienda_de_ropa;
Database changed
mysql> select * from pagos_de_contado;
ERROR 1812 (HY000): Tablespace is missing for table `tienda_de_ropa`.`pagos_de_contado`.
mysql> ALTER TABLE PAGOS_DE_CONTADO DISCARD TABLESPACE;
Query OK, 0 rows affected, 2 warnings (0.12 sec)

mysql> ALTER TABLE PAGOS_DE_CONTAD0 IMPORT TABLESPACE;
ERROR 1146 (42S02): Table 'tienda_de_ropa.pagos_de_contad0' doesn't exist
mysql> ALTER TABLE PAGOS_DE_CONTADO DISCARD TABLESPACE;
Query OK, 0 rows affected, 1 warning (0.13 sec)

mysql> ALTER TABLE PAGOS_DE_CONTADO IMPORT TABLESPACE;
Query OK, 0 rows affected, 1 warning (0.94 sec)

mysql> EXIT
Bye

D:\>mysqldump -u root -p tienda_de_ropa>respaldo.sql
Acceso denegado.

D:\>mysqldump -u root -p tienda_de_ropa
Enter password: ***********
-- MySQL dump 10.13  Distrib 5.7.17, for Win64 (x86_64)
--
-- Host: localhost    Database: tienda_de_ropa
-- ------------------------------------------------------
-- Server version       5.7.17-log

/*!40101 SET @OLD_CHARACTER_SET_CLIENT=@@CHARACTER_SET_CLIENT */;
/*!40101 SET @OLD_CHARACTER_SET_RESULTS=@@CHARACTER_SET_RESULTS */;
/*!40101 SET @OLD_COLLATION_CONNECTION=@@COLLATION_CONNECTION */;
/*!40101 SET NAMES utf8 */;
/*!40103 SET @OLD_TIME_ZONE=@@TIME_ZONE */;
/*!40103 SET TIME_ZONE='+00:00' */;
/*!40014 SET @OLD_UNIQUE_CHECKS=@@UNIQUE_CHECKS, UNIQUE_CHECKS=0 */;
/*!40014 SET @OLD_FOREIGN_KEY_CHECKS=@@FOREIGN_KEY_CHECKS, FOREIGN_KEY_CHECKS=0 */;
/*!40101 SET @OLD_SQL_MODE=@@SQL_MODE, SQL_MODE='NO_AUTO_VALUE_ON_ZERO' */;
/*!40111 SET @OLD_SQL_NOTES=@@SQL_NOTES, SQL_NOTES=0 */;

--
-- Table structure for table `abonos`
--

DROP TABLE IF EXISTS `abonos`;
/*!40101 SET @saved_cs_client     = @@character_set_client */;
/*!40101 SET character_set_client = utf8 */;
CREATE TABLE `abonos` (
  `FOLIO_TICKET` int(11) NOT NULL,
  `FOLIO_APARTADO` int(11) NOT NULL,
  PRIMARY KEY (`FOLIO_TICKET`),
  KEY `FOLIO_APARTADO` (`FOLIO_APARTADO`)
) ENGINE=InnoDB DEFAULT CHARSET=utf8;
/*!40101 SET character_set_client = @saved_cs_client */;

--
-- Dumping data for table `abonos`
--

LOCK TABLES `abonos` WRITE;
/*!40000 ALTER TABLE `abonos` DISABLE KEYS */;
INSERT INTO `abonos` VALUES (1,1),(23,1),(55,1),(3,2),(4,2),(21,2),(5,3),(6,4),(7,4),(36,4),(8,5),(50,5),(9,6),(10,6),(69,6),(11,7),(12,7),(20,7),(56,7),(13,8),(14,9),(51,9),(15,10),(22,10),(17,11),(19,12),(24,13),(25,14),(27,15),(28,16),(66,16),(29,17),(34,19),(35,19),(52,19),(68,19),(43,20),(44,20),(48,21),(70,21),(57,23),(58,24),(71,25),(72,26),(73,27),(74,28),(88,28),(75,29),(79,30),(80,30),(81,30),(82,31),(83,31),(94,31),(89,32),(90,32),(95,33);
/*!40000 ALTER TABLE `abonos` ENABLE KEYS */;
UNLOCK TABLES;

--
-- Temporary view structure for view `abonos_apartados`
--

DROP TABLE IF EXISTS `abonos_apartados`;
/*!50001 DROP VIEW IF EXISTS `abonos_apartados`*/;
SET @saved_cs_client     = @@character_set_client;
SET character_set_client = utf8;
/*!50001 CREATE VIEW `abonos_apartados` AS SELECT
 1 AS `FOLIO_APARTADO`,
 1 AS `FOLIO_TICKET`,
 1 AS `FECHA`,
 1 AS `USUARIO`,
 1 AS `MONTO`,
 1 AS `CANCELADO`*/;
SET character_set_client = @saved_cs_client;

--
-- Table structure for table `apartados`
--

DROP TABLE IF EXISTS `apartados`;
/*!40101 SET @saved_cs_client     = @@character_set_client */;
/*!40101 SET character_set_client = utf8 */;
CREATE TABLE `apartados` (
  `FOLIO` int(11) NOT NULL AUTO_INCREMENT,
  `ID_CLIENTE` int(11) NOT NULL,
  `ENTREGADO` tinyint(1) NOT NULL DEFAULT '0',
  `SALDO_PENDIENTE` float NOT NULL,
  `CANCELADO` tinyint(1) NOT NULL DEFAULT '0',
  `TOTAL` float NOT NULL,
  PRIMARY KEY (`FOLIO`),
  KEY `ID_CLIENTE` (`ID_CLIENTE`)
) ENGINE=InnoDB AUTO_INCREMENT=34 DEFAULT CHARSET=utf8;
/*!40101 SET character_set_client = @saved_cs_client */;

--
-- Dumping data for table `apartados`
--

LOCK TABLES `apartados` WRITE;
/*!40000 ALTER TABLE `apartados` DISABLE KEYS */;
INSERT INTO `apartados` VALUES (1,3,1,0,0,0),(2,6,1,0,0,0),(3,7,0,910,0,0),(4,8,1,0,0,0),(5,9,1,0,0,0),(6,10,1,0,0,0),(7,2,1,0,0,0),(8,11,0,700,0,0),(9,12,0,900,1,0),(10,13,1,0,0,0),(11,15,0,560,0,0),(12,1,0,700,1,0),(13,16,0,980,1,0),(14,16,0,980,0,0),(15,16,0,980,0,0),(16,17,0,1000,0,0),(17,10,0,630,0,0),(19,18,1,0,0,0),(20,19,0,1300,0,0),(21,20,1,0,0,0),(23,22,0,980,0,0),(24,22,0,980,0,0),(25,20,0,980,0,0),(26,20,0,980,0,0),(27,20,0,1610,0,0),(28,23,1,0,0,0),(29,24,0,1260,0,0),(30,25,1,0,0,0),(31,26,1,0,0,0),(32,28,0,700,0,0),(33,1,0,2099,0,3000);
/*!40000 ALTER TABLE `apartados` ENABLE KEYS */;
UNLOCK TABLES;

--
-- Table structure for table `apartados_asignaciones`
--

DROP TABLE IF EXISTS `apartados_asignaciones`;
/*!40101 SET @saved_cs_client     = @@character_set_client */;
/*!40101 SET character_set_client = utf8 */;
CREATE TABLE `apartados_asignaciones` (
  `FOLIO_APARTADO` int(11) NOT NULL,
  `ID_ASIGNACION` int(11) NOT NULL,
  PRIMARY KEY (`FOLIO_APARTADO`,`ID_ASIGNACION`),
  KEY `ID_ASIGNACION` (`ID_ASIGNACION`)
) ENGINE=InnoDB DEFAULT CHARSET=utf8;
/*!40101 SET character_set_client = @saved_cs_client */;

--
-- Dumping data for table `apartados_asignaciones`
--

LOCK TABLES `apartados_asignaciones` WRITE;
/*!40000 ALTER TABLE `apartados_asignaciones` DISABLE KEYS */;
INSERT INTO `apartados_asignaciones` VALUES (1,4),(2,8),(3,9),(4,10),(5,11),(6,13),(7,14),(8,15),(9,17),(10,18),(11,19),(12,20),(13,21),(14,22),(15,23),(16,24),(17,26),(19,34),(20,42),(21,47),(23,54),(24,55),(25,58),(26,59),(27,60),(28,61),(29,63),(30,67),(31,68),(32,76),(33,80),(33,81);
/*!40000 ALTER TABLE `apartados_asignaciones` ENABLE KEYS */;
UNLOCK TABLES;

--
-- Temporary view structure for view `apartados_por_cliente`
--

DROP TABLE IF EXISTS `apartados_por_cliente`;
/*!50001 DROP VIEW IF EXISTS `apartados_por_cliente`*/;
SET @saved_cs_client     = @@character_set_client;
SET character_set_client = utf8;
/*!50001 CREATE VIEW `apartados_por_cliente` AS SELECT
 1 AS `ID_CLIENTE`,
 1 AS `FOLIO`,
 1 AS `FOLIO_VENTA`,
 1 AS `TOTAL`,
 1 AS `SALDO_PENDIENTE`,
 1 AS `CANCELADO`,
 1 AS `ENTREGADO`*/;
SET character_set_client = @saved_cs_client;

--
-- Table structure for table `aperturas_de_caja`
--

DROP TABLE IF EXISTS `aperturas_de_caja`;
/*!40101 SET @saved_cs_client     = @@character_set_client */;
/*!40101 SET character_set_client = utf8 */;
CREATE TABLE `aperturas_de_caja` (
  `FECHA` date NOT NULL,
  `MONTO` float NOT NULL,
  PRIMARY KEY (`FECHA`)
) ENGINE=InnoDB DEFAULT CHARSET=utf8;
/*!40101 SET character_set_client = @saved_cs_client */;

--
-- Dumping data for table `aperturas_de_caja`
--

LOCK TABLES `aperturas_de_caja` WRITE;
/*!40000 ALTER TABLE `aperturas_de_caja` DISABLE KEYS */;
INSERT INTO `aperturas_de_caja` VALUES ('2018-02-24',0),('2018-02-26',1600),('2018-02-28',400),('2018-03-03',200),('2018-03-05',100),('2018-03-06',200),('2018-03-07',200),('2018-03-08',200),('2018-03-09',200),('2018-03-10',200),('2018-03-11',200),('2018-03-12',0),('2018-03-13',200),('2018-03-14',200),('2018-03-15',150),('2018-03-16',0),('2018-03-17',0),('2018-03-19',0),('2018-03-20',0),('2018-03-21',0),('2018-03-23',0),('2018-03-26',300),('2018-03-27',300),('2018-03-28',300),('2018-03-29',228),('2018-03-31',38),('2018-04-02',250),('2018-04-03',250),('2018-04-04',250),('2018-04-06',0),('2018-04-07',250),('2018-04-08',200),('2018-04-09',250),('2018-04-10',150),('2018-04-11',150),('2018-04-12',250),('2018-04-13',250),('2018-04-14',250),('2018-04-15',250),('2018-04-16',0),('2018-04-17',0),('2018-04-18',0),('2018-04-19',0),('2018-04-20',0),('2018-04-21',200),('2018-04-22',200),('2018-04-23',0),('2018-04-24',250),('2018-04-25',250),('2018-04-27',300),('2018-04-28',200),('2018-04-29',200),('2018-04-30',0),('2018-05-01',250),('2018-05-02',240),('2018-05-03',1500),('2018-05-05',300),('2018-05-06',300),('2018-05-07',190),('2018-05-08',350),('2018-05-09',350),('2018-05-10',300),('2018-05-11',300),('2018-05-12',300),('2018-05-13',400),('2018-05-14',0),('2018-05-15',300),('2018-05-16',300),('2018-05-18',300),('2018-05-19',250),('2018-05-20',250);
/*!40000 ALTER TABLE `aperturas_de_caja` ENABLE KEYS */;
UNLOCK TABLES;

--
-- Temporary view structure for view `buscar_por_subfolio`
--

DROP TABLE IF EXISTS `buscar_por_subfolio`;
/*!50001 DROP VIEW IF EXISTS `buscar_por_subfolio`*/;
SET @saved_cs_client     = @@character_set_client;
SET character_set_client = utf8;
/*!50001 CREATE VIEW `buscar_por_subfolio` AS SELECT
 1 AS `ID_CLIENTE`,
 1 AS `SUBFOLIO`,
 1 AS `FOLIO`*/;
SET character_set_client = @saved_cs_client;

--
-- Table structure for table `categorias`
--

DROP TABLE IF EXISTS `categorias`;
/*!40101 SET @saved_cs_client     = @@character_set_client */;
/*!40101 SET character_set_client = utf8 */;
CREATE TABLE `categorias` (
  `ID` int(11) NOT NULL AUTO_INCREMENT,
  `NOMBRE` varchar(255) NOT NULL,
  PRIMARY KEY (`ID`)
) ENGINE=InnoDB AUTO_INCREMENT=13 DEFAULT CHARSET=utf8;
/*!40101 SET character_set_client = @saved_cs_client */;

--
-- Dumping data for table `categorias`
--

LOCK TABLES `categorias` WRITE;
/*!40000 ALTER TABLE `categorias` DISABLE KEYS */;
INSERT INTO `categorias` VALUES (1,'TENIS PARA CORRER'),(2,'TENIS CASUALES'),(3,'chutes'),(4,'futbol rapido'),(5,'basketbol'),(6,'nike'),(7,'reebok'),(8,'under armour'),(9,'adidas'),(10,'sketshers'),(11,'puma'),(12,'vanz');
/*!40000 ALTER TABLE `categorias` ENABLE KEYS */;
UNLOCK TABLES;

--
-- Table structure for table `clientes`
--

DROP TABLE IF EXISTS `clientes`;
/*!40101 SET @saved_cs_client     = @@character_set_client */;
/*!40101 SET character_set_client = utf8 */;
CREATE TABLE `clientes` (
  `ID` int(11) NOT NULL AUTO_INCREMENT,
  `NOMBRE` varchar(30) NOT NULL,
  `APELLIDO_PATERNO` varchar(30) NOT NULL,
  `APELLIDO_MATERNO` varchar(30) NOT NULL,
  `TELEFONO1` varchar(15) NOT NULL,
  `TELEFONO2` varchar(15) NOT NULL,
  PRIMARY KEY (`ID`)
) ENGINE=InnoDB AUTO_INCREMENT=30 DEFAULT CHARSET=utf8;
/*!40101 SET character_set_client = @saved_cs_client */;

--
-- Dumping data for table `clientes`
--

LOCK TABLES `clientes` WRITE;
/*!40000 ALTER TABLE `clientes` DISABLE KEYS */;
INSERT INTO `clientes` VALUES (1,'Publico','General','','0000000000',''),(2,'yury','gastelum','g','6271193341','0'),(3,'Clara','Barron','','6271029838',''),(4,'Rocio','Rubio','','6271139802',''),(5,'Flor','Flores','','6271084073',''),(6,'juan','cazarez','.','2','2'),(7,'eduardo','infante','i','0000','0000'),(8,'flor','flores','f','9','9'),(9,'rocio','rubio','r','6271139802',''),(10,'julio cesar','chaves','o','6272791603','12'),(11,'martina','zapien','o','6271153329','12'),(12,'carlos totorres','torres','p','5234026','22'),(13,'norma','martinez','p','6271153256','12'),(14,'diego','ramos','','6271176523','12'),(15,'abril','avila','','6271438772',''),(16,'michel','yanez','y','1','2'),(17,'david','morales','m','1','1'),(18,'samuel','vargas','v','0','0'),(19,'jose angel','ogaz','o','1','1'),(20,'Cristian','Portillo','Aguirre','6271193983',''),(21,'ivan','lonja','l','9','9'),(22,'Sandra','Guzman','Corral','1',''),(23,'Aaron','Loya','','1',''),(24,'MARIO','MOLINA','','1',''),(25,'bryan','roman','r','0','2'),(26,'gerardo','ogaz','o','1','1'),(27,'Dani','Barraza','','1234','1'),(28,'cesar','esquerra','o','1','1'),(29,'Sergio','s','s','1','1');
/*!40000 ALTER TABLE `clientes` ENABLE KEYS */;
UNLOCK TABLES;

--
-- Temporary view structure for view `clientes_con_formato`
--

DROP TABLE IF EXISTS `clientes_con_formato`;
/*!50001 DROP VIEW IF EXISTS `clientes_con_formato`*/;
SET @saved_cs_client     = @@character_set_client;
SET character_set_client = utf8;
/*!50001 CREATE VIEW `clientes_con_formato` AS SELECT
 1 AS `ID`,
 1 AS `NOMBRE`,
 1 AS `TELEFONO1`,
 1 AS `TELEFONO2`*/;
SET character_set_client = @saved_cs_client;

--
-- Temporary view structure for view `compra_detalle`
--

DROP TABLE IF EXISTS `compra_detalle`;
/*!50001 DROP VIEW IF EXISTS `compra_detalle`*/;
SET @saved_cs_client     = @@character_set_client;
SET character_set_client = utf8;
/*!50001 CREATE VIEW `compra_detalle` AS SELECT
 1 AS `FOLIO_COMPRA`,
 1 AS `CLAVE`,
 1 AS `NOMBRE`,
 1 AS `CANTIDAD`,
 1 AS `PRECIO_UNITARIO`,
 1 AS `PRECIO_TOTAL`*/;
SET character_set_client = @saved_cs_client;

--
-- Table structure for table `compras`
--

DROP TABLE IF EXISTS `compras`;
/*!40101 SET @saved_cs_client     = @@character_set_client */;
/*!40101 SET character_set_client = utf8 */;
CREATE TABLE `compras` (
  `FOLIO` int(11) NOT NULL AUTO_INCREMENT,
  `FOLIO_EGRESO` int(11) NOT NULL,
  `CANCELADO` tinyint(1) NOT NULL DEFAULT '0',
  PRIMARY KEY (`FOLIO`),
  KEY `FOLIO_EGRESO` (`FOLIO_EGRESO`)
) ENGINE=InnoDB AUTO_INCREMENT=124 DEFAULT CHARSET=utf8;
/*!40101 SET character_set_client = @saved_cs_client */;

--
-- Dumping data for table `compras`
--

LOCK TABLES `compras` WRITE;
/*!40000 ALTER TABLE `compras` DISABLE KEYS */;
INSERT INTO `compras` VALUES (1,1,0),(2,2,0),(3,3,0),(4,4,0),(5,5,0),(6,6,0),(7,7,0),(8,8,0),(9,9,0),(10,10,0),(11,11,0),(12,12,0),(13,13,0),(14,14,0),(15,15,0),(16,16,0),(17,17,0),(18,18,0),(19,19,0),(20,20,0),(21,21,0),(22,22,0),(23,23,0),(24,24,0),(25,25,0),(26,26,0),(27,27,0),(28,28,0),(29,29,0),(30,30,0),(31,31,0),(32,32,0),(33,33,0),(34,34,0),(35,35,0),(36,36,0),(37,37,0),(38,38,0),(39,39,0),(40,40,0),(41,41,0),(42,42,0),(43,43,0),(44,44,0),(45,45,0),(46,46,0),(47,47,0),(48,48,0),(49,49,0),(50,50,0),(51,51,0),(52,52,0),(53,53,0),(54,54,0),(55,55,0),(56,56,0),(57,57,0),(58,58,0),(59,59,0),(60,60,0),(61,61,0),(62,62,0),(63,63,0),(64,64,0),(65,65,0),(66,66,0),(67,67,0),(68,68,0),(69,69,0),(70,70,0),(71,71,0),(72,72,0),(73,73,0),(74,74,0),(75,75,0),(76,76,0),(77,77,0),(78,78,0),(79,79,0),(80,80,0),(81,81,0),(82,82,0),(83,83,0),(84,84,0),(85,85,0),(86,86,0),(87,87,0),(88,88,0),(89,89,0),(90,90,0),(91,91,0),(92,92,0),(93,93,0),(94,94,0),(95,95,0),(96,96,0),(97,97,0),(98,98,0),(99,99,0),(100,100,0),(101,101,0),(102,102,0),(103,103,0),(104,104,0),(105,105,0),(106,106,0),(107,107,0),(108,108,0),(109,109,0),(110,110,0),(111,111,0),(112,112,0),(113,113,0),(114,114,0),(115,115,0),(116,116,0),(117,117,0),(118,118,0),(119,119,0),(120,120,0),(121,121,0),(122,122,0),(123,123,0);
/*!40000 ALTER TABLE `compras` ENABLE KEYS */;
UNLOCK TABLES;

--
-- Table structure for table `compras_productos`
--

DROP TABLE IF EXISTS `compras_productos`;
/*!40101 SET @saved_cs_client     = @@character_set_client */;
/*!40101 SET character_set_client = utf8 */;
CREATE TABLE `compras_productos` (
  `FOLIO_COMPRA` int(11) NOT NULL,
  `CLAVE_PRODUCTO` varchar(15) NOT NULL,
  `CANTIDAD` int(11) NOT NULL,
  `PRECIO_UNITARIO` float NOT NULL,
  KEY `FOLIO_COMPRA` (`FOLIO_COMPRA`),
  KEY `CLAVE_PRODUCTO` (`CLAVE_PRODUCTO`)
) ENGINE=InnoDB DEFAULT CHARSET=utf8;
/*!40101 SET character_set_client = @saved_cs_client */;

--
-- Dumping data for table `compras_productos`
--

LOCK TABLES `compras_productos` WRITE;
/*!40000 ALTER TABLE `compras_productos` DISABLE KEYS */;
INSERT INTO `compras_productos` VALUES (3,'113627489',1,0),(3,'852554-801',3,0),(10,'852601-001',2,0),(13,'3000314',2,0),(14,'1252295-003',1,0),(15,'1255821-100',1,0),(16,'4700148142',1,0),(17,'117643444',2,0),(18,'116994808',2,0),(19,'117560197',1,0),(20,'119253956',2,0),(21,'117621476',1,0),(22,'117563059',2,0),(23,'119327662',3,0),(24,'1258785-600',2,0),(25,'1245951-429',1,0),(26,'117810242',2,0),(27,'897646-700',2,0),(28,'118727480',1,0),(29,'903600-801',3,0),(30,'903599-801',1,0),(31,'1264221-669',3,0),(32,'1258728-540',2,0),(33,'1274422-102',1,0),(34,'749417-084',1,0),(35,'1285652-006',1,0),(36,'119328039',1,0),(37,'827115-003',1,0),(38,'819893-313',1,0),(39,'454164-005',1,0),(40,'724382-008',1,0),(41,'819300-600',1,0),(42,'599432-886',1,0),(43,'844670-400',1,0),(44,'820201-515',1,0),(45,'799592-004',1,0),(46,'747486-903',1,0),(47,'852550-308',1,0),(48,'118255981',1,0),(49,'852700-004',1,0),(50,'1295727-101',1,0),(51,'1295727-002',1,0),(52,'1295736-007',1,0),(53,'116381040',1,0),(54,'1285487-001',1,0),(55,'1274417-076',1,0),(56,'1273961-448',1,0),(57,'1252310-458',1,0),(58,'833583-007',1,0),(59,'AH7268-081',2,0),(60,'119229824',2,0),(61,'852577-004',1,0),(62,'917742-004',1,0),(63,'881444-010',2,0),(64,'859890-300',1,0),(65,'118345339',1,0),(66,'118761108',1,0),(67,'1281998-907',1,0),(68,'897646-007',3,0),(69,'897646-004',2,0),(70,'897644-200',1,0),(71,'117782725',1,0),(72,'852402-400',1,0),(73,'897646-004',2,0),(74,'827115-402',1,0),(75,'698181-014',1,0),(76,'818952-101',1,0),(77,'818952-008',1,0),(78,'881444-010',2,0),(79,'116994839',1,0),(80,'119229824',2,0),(81,'897646-007',2,0),(82,'852402-400',2,0),(83,'897646-004',2,0),(84,'AA1090-100',1,0),(85,'897646-007',2,0),(86,'897646-007',3,0),(87,'1285652-998',1,0),(88,'1295736-104',1,0),(89,'852601-001',2,0),(90,'119327662',4,0),(91,'932301',4,0),(92,'897644-200',1,0),(93,'917726-400',2,0),(94,'844372-445',1,0),(95,'4501369178',1,0),(96,'4501369164',1,0),(97,'118151644',2,0),(98,'1295736-101',1,0),(99,'1273951-907',1,0),(100,'1258736-041',1,0),(101,'1252309-877',1,0),(102,'1276681-907',1,0),(103,'3000398-001',1,0),(104,'1285670-004',1,0),(105,'59952',1,0),(106,'15067',1,0),(107,'55061',2,0),(108,'55842',1,0),(109,'52114',1,0),(110,'118787130',1,0),(111,'36138302',1,0),(112,'685266-011',1,0),(113,'1266245-907',1,0),(114,'1285481-297',1,0),(115,'1274417-076',1,0),(116,'1266241-396',1,0),(117,'1258730-652',1,0),(118,'1258785-600',2,0),(119,'819300-600',1,0),(120,'118727480',3,0),(121,'7309-080',1,0),(122,'AH7268-081',2,0),(123,'117641785',1,0);
/*!40000 ALTER TABLE `compras_productos` ENABLE KEYS */;
UNLOCK TABLES;

--
-- Temporary view structure for view `consulta_producto`
--

DROP TABLE IF EXISTS `consulta_producto`;
/*!50001 DROP VIEW IF EXISTS `consulta_producto`*/;
SET @saved_cs_client     = @@character_set_client;
SET character_set_client = utf8;
/*!50001 CREATE VIEW `consulta_producto` AS SELECT
 1 AS `CLAVE`,
 1 AS `NOMBRE`,
 1 AS `CATEGORIA`,
 1 AS `PRECIO`,
 1 AS `EXISTENCIA`,
 1 AS `IMAGEN`*/;
SET character_set_client = @saved_cs_client;

--
-- Table structure for table `consultas`
--

DROP TABLE IF EXISTS `consultas`;
/*!40101 SET @saved_cs_client     = @@character_set_client */;
/*!40101 SET character_set_client = utf8 */;
CREATE TABLE `consultas` (
  `ID` int(11) NOT NULL AUTO_INCREMENT,
  `ID_USUARIO` int(11) NOT NULL,
  `CLAVE_PRODUCTO` varchar(15) NOT NULL,
  `FECHA` datetime DEFAULT CURRENT_TIMESTAMP,
  PRIMARY KEY (`ID`),
  KEY `CLAVE_PRODUCTO` (`CLAVE_PRODUCTO`),
  KEY `ID_USUARIO` (`ID_USUARIO`)
) ENGINE=InnoDB AUTO_INCREMENT=485 DEFAULT CHARSET=utf8;
/*!40101 SET character_set_client = @saved_cs_client */;

--
-- Dumping data for table `consultas`
--

LOCK TABLES `consultas` WRITE;
/*!40000 ALTER TABLE `consultas` DISABLE KEYS */;
INSERT INTO `consultas` VALUES (1,2,'1264221','2018-02-24 16:16:52'),(2,2,'1264221','2018-02-24 16:19:00'),(3,2,'1264221-669','2018-02-24 16:20:09'),(9,2,'54152','2018-02-26 15:29:43'),(10,2,'065297146','2018-02-26 15:30:47'),(11,2,'1264221-669','2018-02-28 10:37:08'),(13,2,'1264221-669','2018-03-02 09:17:03'),(14,2,'1264221-669','2018-03-02 09:17:06'),(15,2,'1264221-669','2018-03-02 09:17:06'),(16,2,'1264221-669','2018-03-02 09:17:06'),(17,2,'1264221-669','2018-03-02 09:17:11'),(18,2,'1264221-669','2018-03-02 09:17:11'),(19,2,'1264221-669','2018-03-02 09:17:11'),(20,2,'844595','2018-03-03 09:36:16'),(21,2,'831943','2018-03-03 10:12:40'),(22,2,'831943','2018-03-05 09:53:14'),(23,2,'903599-801','2018-03-05 09:55:22'),(24,2,'117684761','2018-03-05 09:56:03'),(25,2,'1259034-410','2018-03-05 11:04:30'),(26,3,'917742-004-','2018-03-05 12:40:29'),(27,2,'917742-004-','2018-03-05 12:43:34'),(28,4,'917742-004-','2018-03-05 15:29:46'),(29,4,'1259034-410','2018-03-05 16:12:20'),(30,4,'1264221-669','2018-03-05 17:14:39'),(31,4,'1274062 ','2018-03-05 17:30:08'),(32,2,'118370143','2018-03-05 19:48:41'),(33,4,'749891-845','2018-03-06 09:00:47'),(34,4,'113955746','2018-03-06 09:10:18'),(35,4,'118281461','2018-03-06 10:21:25'),(36,4,'1266305','2018-03-06 15:36:55'),(37,4,'724382-008','2018-03-06 16:01:22'),(38,4,'118281461','2018-03-06 16:09:55'),(39,4,'1255782','2018-03-06 16:22:14'),(40,4,'917769-801','2018-03-06 16:40:14'),(41,4,'1259034','2018-03-06 18:50:46'),(42,2,'4501275287','2018-03-06 19:41:12'),(43,4,'897644-005','2018-03-07 11:00:29'),(44,4,'917742-004','2018-03-07 14:00:56'),(45,4,'917742-004','2018-03-07 14:01:11'),(46,2,'1258736-039','2018-03-07 15:36:03'),(47,2,'1266379-427','2018-03-07 15:41:13'),(48,2,'1266252-037','2018-03-07 15:42:36'),(49,2,'1258728','2018-03-07 15:43:31'),(50,4,'903599-801','2018-03-08 11:13:03'),(51,4,'721356','2018-03-08 13:16:57'),(52,4,'698001','2018-03-08 13:20:18'),(53,4,'698007','2018-03-08 14:58:44'),(54,4,'897644-005','2018-03-08 15:58:15'),(55,4,'852554','2018-03-08 17:16:59'),(56,4,'1266302','2018-03-08 18:02:23'),(57,4,'1258736-039','2018-03-09 09:38:10'),(58,4,'1258736-039','2018-03-09 09:38:13'),(59,4,'065297146','2018-03-09 09:38:23'),(60,4,'1258728-540','2018-03-09 09:39:49'),(61,4,'852577','2018-03-09 10:05:09'),(62,4,'698007','2018-03-09 10:27:41'),(63,4,'1264221-669','2018-03-09 16:13:25'),(64,4,'18851401','2018-03-09 17:23:15'),(65,4,'4501275287','2018-03-10 10:57:19'),(66,4,'875943-200','2018-03-10 11:12:47'),(67,4,'1264221-669','2018-03-10 11:53:50'),(68,4,'875943-200','2018-03-10 15:08:29'),(69,4,'118221058','2018-03-10 16:08:38'),(70,4,'903599-801','2018-03-10 17:31:39'),(71,4,'844595-008','2018-03-10 18:15:58'),(72,4,'897644-005','2018-03-11 10:37:26'),(73,4,'852601-001','2018-03-11 12:51:42'),(74,4,'065297146','2018-03-11 12:56:19'),(75,2,'113955746','2018-03-12 08:44:07'),(76,2,'698007','2018-03-12 09:01:22'),(77,2,'118370143','2018-03-12 10:52:00'),(78,4,'698007','2018-03-12 16:41:40'),(79,4,'721356','2018-03-12 18:03:56'),(80,4,'526628','2018-03-12 18:06:20'),(81,4,'875943-200','2018-03-13 10:01:04'),(82,4,'698007','2018-03-13 16:27:43'),(83,4,'118370143','2018-03-13 16:28:09'),(84,4,'698007','2018-03-13 16:41:14'),(85,4,'1259034-410','2018-03-13 18:39:51'),(86,4,'1272294','2018-03-14 11:14:21'),(87,4,'19007602','2018-03-14 11:14:59'),(88,4,'1266306','2018-03-14 11:19:01'),(89,4,'1272294','2018-03-14 11:19:36'),(90,4,'1266306','2018-03-14 16:27:00'),(91,1,'852554-801','2018-03-14 17:04:56'),(92,4,'1259034-410','2018-03-14 17:32:29'),(93,4,'1266376','2018-03-14 17:47:22'),(94,4,'18920101','2018-03-14 17:50:00'),(95,4,'852577','2018-03-14 18:01:50'),(96,4,'917769-801','2018-03-14 18:02:44'),(97,4,'1266306','2018-03-14 19:06:33'),(98,4,'1258736-039','2018-03-14 19:16:47'),(99,4,'903599-801','2018-03-15 09:10:52'),(100,2,'852601-001','2018-03-16 10:45:56'),(101,2,'852601-001','2018-03-16 10:47:15'),(102,2,'852601-001','2018-03-16 10:48:31'),(103,2,'852601-001','2018-03-16 10:52:12'),(104,2,'580915','2018-03-16 11:13:54'),(105,2,'3000314','2018-03-17 10:17:46'),(106,2,'3000314','2018-03-17 10:18:31'),(107,2,'3000314','2018-03-17 10:19:15'),(108,2,'113955746','2018-03-19 12:21:17'),(109,2,'917769-801','2018-03-19 18:11:18'),(110,2,'819316','2018-03-19 18:22:27'),(111,2,'1254879-280','2018-03-19 18:35:14'),(112,2,'724382-008','2018-03-20 14:48:35'),(113,2,'1252295-003','2018-03-20 15:11:09'),(114,2,'116994808','2018-03-23 10:03:33'),(115,2,'1258785-600','2018-03-23 11:29:29'),(116,2,'903592-373','2018-03-23 16:52:57'),(117,2,'1258736-039','2018-03-23 18:09:33'),(118,5,'852554-801','2018-03-26 09:49:47'),(119,5,'117810242','2018-03-26 09:53:25'),(120,5,'113627489','2018-03-26 12:02:39'),(121,5,'721356','2018-03-26 15:14:35'),(122,5,'113627489','2018-03-26 16:50:33'),(123,5,'118727513','2018-03-26 17:45:51'),(124,5,'117810242','2018-03-26 18:16:51'),(125,5,'117643444','2018-03-26 18:17:56'),(126,5,'117560197','2018-03-26 18:42:50'),(127,5,'1258728-540','2018-03-27 16:37:48'),(128,5,'917742-004','2018-03-27 17:22:44'),(129,5,'116994808','2018-03-27 17:23:50'),(130,5,'897644-005','2018-03-27 17:36:38'),(131,5,'117560197','2018-03-28 10:09:58'),(132,5,'897644-005','2018-03-28 17:27:53'),(133,5,'117563059','2018-03-28 17:58:26'),(134,5,'1263712','2018-03-28 18:01:45'),(135,5,'117563059','2018-03-28 18:02:46'),(136,5,'917769-801','2018-03-28 18:14:02'),(137,5,'116994808','2018-03-28 18:19:37'),(138,5,'117643444','2018-03-28 18:20:30'),(139,5,'749891-845','2018-03-28 18:56:09'),(140,2,'960816','2018-03-29 11:56:39'),(141,5,'852554-801','2018-04-02 13:01:08'),(142,5,'747486','2018-04-02 13:02:37'),(143,5,'116994808','2018-04-02 13:07:33'),(144,5,'917742-004','2018-04-02 18:19:50'),(145,5,'1274425-003','2018-04-03 11:53:37'),(146,5,'1238581','2018-04-03 12:02:09'),(147,5,'1258785-600','2018-04-03 12:02:28'),(148,5,'1266224','2018-04-03 12:03:52'),(149,5,'1266224','2018-04-03 12:04:23'),(150,5,'118370143','2018-04-03 18:07:46'),(151,5,'1254879-001','2018-04-03 19:17:14'),(152,2,'903600-801','2018-04-04 09:11:20'),(153,2,'903600-801','2018-04-04 09:13:43'),(154,2,'903599-801','2018-04-04 09:14:26'),(155,2,'1264221-669','2018-04-04 09:17:34'),(156,2,'1264221-669','2018-04-04 09:18:52'),(157,2,'118727480','2018-04-04 09:19:44'),(158,2,'118370143','2018-04-04 09:20:32'),(159,2,'749891-845','2018-04-04 09:33:40'),(160,2,'1258728','2018-04-04 09:34:52'),(161,2,'1258728-540','2018-04-04 09:35:56'),(162,6,'749891-845','2018-04-04 09:50:48'),(163,6,'1266302','2018-04-04 10:52:05'),(164,6,'1299028','2018-04-04 10:53:10'),(165,6,'833412','2018-04-04 11:23:31'),(166,6,'1252307-002','2018-04-04 11:30:31'),(167,6,'117810242','2018-04-04 12:14:53'),(168,6,'903600-801','2018-04-04 12:19:24'),(169,6,'903600-801','2018-04-04 12:19:26'),(170,6,'118727480','2018-04-04 12:22:08'),(171,6,'852601-001','2018-04-04 12:26:35'),(172,6,'852554','2018-04-04 15:26:50'),(173,6,'117563059','2018-04-04 15:28:20'),(174,6,'903599-801','2018-04-04 15:29:52'),(175,6,'747486','2018-04-04 15:33:40'),(176,6,'118403028','2018-04-04 15:35:04'),(177,6,'118727480','2018-04-04 15:35:54'),(178,6,'118727480','2018-04-04 15:44:02'),(179,6,'117621476','2018-04-04 15:44:23'),(180,6,'903599-801','2018-04-04 15:45:52'),(181,6,'844595','2018-04-04 15:48:49'),(182,6,'844595','2018-04-04 15:48:50'),(183,6,'844595','2018-04-04 15:48:51'),(184,6,'844595','2018-04-04 15:48:51'),(185,6,'844595','2018-04-04 15:48:51'),(186,6,'844595','2018-04-04 15:48:52'),(187,6,'844595','2018-04-04 15:48:52'),(188,6,'844595','2018-04-04 15:48:52'),(189,6,'844595','2018-04-04 15:48:52'),(190,6,'844595','2018-04-04 15:48:52'),(191,6,'844595','2018-04-04 15:48:53'),(192,6,'844595','2018-04-04 15:48:53'),(193,6,'844595','2018-04-04 15:48:53'),(194,6,'844595','2018-04-04 15:48:54'),(195,6,'844595','2018-04-04 15:48:54'),(196,6,'844595','2018-04-04 15:48:54'),(197,6,'844595','2018-04-04 15:48:54'),(198,6,'844595','2018-04-04 15:48:55'),(199,6,'844595','2018-04-04 15:48:55'),(200,6,'117810242','2018-04-04 15:49:50'),(201,6,'117643444','2018-04-04 15:51:10'),(202,6,'118403028','2018-04-04 15:52:04'),(203,6,'852554','2018-04-04 15:53:41'),(204,6,'118281461','2018-04-04 15:56:14'),(205,6,'116994808','2018-04-04 15:56:49'),(206,6,'113955746','2018-04-04 15:57:46'),(207,6,'116994808','2018-04-04 15:58:32'),(208,6,'117810242','2018-04-04 15:58:54'),(209,6,'118221058','2018-04-04 16:08:23'),(210,6,'831943','2018-04-04 16:09:26'),(211,6,'844595','2018-04-04 16:10:13'),(212,6,'903592-373','2018-04-04 16:11:17'),(213,6,'882087','2018-04-04 16:12:32'),(214,6,'118727513','2018-04-04 16:13:05'),(215,6,'4501212516','2018-04-04 17:17:26'),(216,6,'897646-700','2018-04-04 17:18:33'),(217,6,'1259034','2018-04-04 17:25:30'),(218,6,'1274422','2018-04-04 18:18:26'),(219,6,'119253956','2018-04-05 11:40:57'),(220,6,'721356','2018-04-05 12:01:47'),(221,6,'1252307-040','2018-04-05 12:44:51'),(222,6,'1266302','2018-04-05 12:45:45'),(223,6,'19007602','2018-04-05 12:46:46'),(224,6,'118727480','2018-04-05 15:27:15'),(225,6,'897644-005','2018-04-05 16:04:43'),(226,6,'119253956','2018-04-05 16:49:59'),(227,6,'897644-005','2018-04-05 18:47:12'),(228,6,'118727480','2018-04-06 10:09:04'),(229,6,'118727513','2018-04-06 10:09:34'),(230,6,'852601-001','2018-04-06 10:10:04'),(231,6,'118727480','2018-04-06 10:10:36'),(232,6,'903599-801','2018-04-06 10:11:51'),(233,6,'875943-200','2018-04-06 10:21:36'),(234,6,'1266302','2018-04-06 10:25:34'),(235,6,'1272293','2018-04-06 11:22:17'),(236,6,'1252307-040','2018-04-06 11:23:58'),(237,6,'116994808','2018-04-06 12:06:13'),(238,6,'118727480','2018-04-06 12:08:44'),(239,6,'118370143','2018-04-06 12:10:10'),(240,6,'819167-601','2018-04-06 16:46:38'),(241,6,'1245951-429','2018-04-06 16:50:25'),(242,6,'117810242','2018-04-06 17:44:58'),(243,6,'897646-700','2018-04-06 18:07:47'),(244,6,'55061','2018-04-06 19:03:21'),(245,6,'118281461','2018-04-06 19:09:06'),(246,6,'749891-845','2018-04-06 19:26:16'),(247,6,'116994808','2018-04-06 19:47:53'),(248,6,'118281461','2018-04-06 19:55:37'),(249,2,'1274422-102','2018-04-07 10:02:46'),(250,2,'1285652-006','2018-04-07 10:13:36'),(251,2,'117563059','2018-04-07 11:57:39'),(252,2,'118727480','2018-04-07 12:04:08'),(253,2,'526628','2018-04-07 12:11:02'),(254,6,'1266376','2018-04-07 15:17:18'),(255,6,'1252287-002','2018-04-07 15:17:48'),(256,6,'55061','2018-04-07 15:25:36'),(257,6,'917742-004','2018-04-07 15:27:32'),(258,6,'1274422','2018-04-07 15:28:00'),(259,6,'1264221','2018-04-07 15:28:26'),(260,6,'897644-005','2018-04-07 15:29:41'),(261,6,'1272294','2018-04-07 16:28:03'),(262,6,'1272294','2018-04-07 16:28:46'),(263,6,'897646-700','2018-04-08 13:28:25'),(264,6,'917742-004','2018-04-09 09:38:20'),(265,2,'6491386','2018-04-09 15:46:12'),(266,2,'724382-008','2018-04-09 15:53:03'),(267,2,'1259034','2018-04-09 15:59:34'),(268,2,'113955746','2018-04-09 17:42:43'),(269,2,'113955746','2018-04-09 17:46:13'),(270,6,'18920101','2018-04-10 12:23:54'),(271,6,'118370143','2018-04-11 10:55:36'),(272,6,'1299028','2018-04-11 11:12:00'),(273,6,'1258728','2018-04-11 11:42:58'),(274,2,'599432-886','2018-04-11 16:08:59'),(275,2,'749361-810','2018-04-11 16:11:42'),(276,2,'819300-600','2018-04-11 16:16:39'),(277,2,'827115-003','2018-04-11 16:21:26'),(278,2,'852554-801','2018-04-11 16:25:52'),(279,2,'117621476','2018-04-11 16:31:36'),(280,2,'117621476','2018-04-11 18:53:00'),(281,6,'118370143','2018-04-12 11:59:40'),(282,6,'55061','2018-04-12 12:32:46'),(283,2,'799592-004','2018-04-12 15:50:51'),(284,2,'454164-005','2018-04-12 15:57:08'),(285,6,'1252295-003','2018-04-13 09:56:40'),(286,6,'799592-004','2018-04-13 12:41:13'),(287,6,'1266306','2018-04-13 16:04:16'),(288,6,'897644-005','2018-04-13 16:36:52'),(289,6,'118403028','2018-04-13 17:06:43'),(290,6,'117810242','2018-04-13 17:07:29'),(291,6,'118727513','2018-04-13 18:00:30'),(292,6,'844408','2018-04-13 18:01:07'),(293,6,'747486','2018-04-13 19:16:48'),(294,6,'118727480','2018-04-13 19:17:43'),(295,6,'118403028','2018-04-14 11:40:34'),(296,6,'116381040','2018-04-14 12:43:09'),(297,6,'1258785-600','2018-04-14 17:07:45'),(298,6,'799592-004','2018-04-14 18:43:35'),(299,6,'117810242','2018-04-14 18:54:40'),(300,6,'117684761','2018-04-15 10:34:14'),(301,6,'1255821-100','2018-04-15 12:02:23'),(302,6,'118727480','2018-04-15 12:04:40'),(303,6,'852700-004','2018-04-15 12:07:09'),(304,2,'897644-005','2018-04-16 10:38:04'),(305,2,'749417-084','2018-04-16 10:40:22'),(306,2,'580915','2018-04-16 18:48:00'),(307,6,'833412','2018-04-18 10:49:46'),(308,6,'819300-600','2018-04-19 09:38:52'),(309,6,'118255981','2018-04-21 15:10:01'),(310,6,'719912-602','2018-04-21 15:15:24'),(311,6,'875943-200','2018-04-21 15:15:51'),(312,6,'117563059','2018-04-21 15:54:27'),(313,6,'852550-308','2018-04-21 16:54:14'),(314,6,'897644-005','2018-04-21 17:13:53'),(315,6,'903599-801','2018-04-21 18:25:32'),(316,6,'1268334','2018-04-21 19:32:58'),(317,6,'1272294','2018-04-21 19:34:53'),(318,6,'117810242','2018-04-22 12:19:19'),(319,2,'117563059','2018-04-23 15:55:13'),(320,2,'117810242','2018-04-23 15:56:02'),(321,2,'119327662','2018-04-23 15:57:11'),(322,2,'1258785-600','2018-04-23 15:58:06'),(323,2,'118727480','2018-04-23 15:58:56'),(324,2,'117643444','2018-04-23 18:20:54'),(325,2,'118727513','2018-04-23 18:38:34'),(326,6,'827115-003','2018-04-25 11:33:35'),(327,6,'1258785-600','2018-04-25 11:45:26'),(328,6,'117810242','2018-04-25 11:55:33'),(329,2,'4501212516','2018-04-26 16:00:45'),(330,2,'116994808','2018-04-26 16:01:50'),(331,2,'118727480','2018-04-26 16:50:25'),(332,3,'1268334','2018-04-26 18:10:59'),(333,3,'1268334','2018-04-26 18:25:48'),(334,3,'1268334','2018-04-26 18:25:53'),(335,3,'747486','2018-04-26 18:39:41'),(336,3,'117643444','2018-04-26 18:42:44'),(337,3,'118727480','2018-04-26 19:01:22'),(338,6,'117643444','2018-04-27 11:03:17'),(339,2,'117643444','2018-04-27 11:15:10'),(340,6,'1274425-003','2018-04-27 11:22:30'),(341,2,'833583-007','2018-04-27 11:58:25'),(342,3,'1274062','2018-04-27 15:35:15'),(343,3,'1274062','2018-04-27 15:35:16'),(344,3,'1299028','2018-04-27 15:36:25'),(345,3,'833412','2018-04-27 15:39:00'),(346,3,'1259034','2018-04-27 15:39:55'),(347,3,'721356','2018-04-27 15:40:42'),(348,3,'18920101','2018-04-27 15:42:49'),(349,3,'19007602','2018-04-27 15:43:48'),(350,3,'1258728','2018-04-27 15:45:27'),(351,3,'1272294','2018-04-27 15:46:14'),(352,3,'1266302','2018-04-27 15:47:48'),(353,3,'1274422','2018-04-27 15:55:36'),(354,3,'698181','2018-04-27 15:57:00'),(355,3,'119253956','2018-04-27 16:11:23'),(356,3,'117810242','2018-04-27 17:12:43'),(357,3,'117810242','2018-04-27 17:12:44'),(358,3,'116994808','2018-04-27 17:13:41'),(359,3,'117563059','2018-04-27 17:14:30'),(360,3,'903599-801','2018-04-27 17:15:59'),(361,3,'852601-001','2018-04-27 17:17:38'),(362,3,'118403028','2018-04-27 17:18:35'),(363,3,'747486','2018-04-27 17:35:06'),(364,3,'903599-801','2018-04-27 17:36:15'),(365,3,'831943','2018-04-27 17:40:28'),(366,3,'852700-004','2018-04-27 17:42:34'),(367,3,'844595','2018-04-27 17:47:48'),(368,2,'117563059','2018-04-28 10:37:51'),(369,6,'118221058','2018-04-28 15:44:18'),(370,6,'844595','2018-04-28 15:44:38'),(371,6,'799592-004','2018-04-28 15:49:40'),(372,6,'117643444','2018-04-28 16:37:20'),(373,6,'117810242','2018-04-28 18:25:45'),(374,3,'118727480','2018-04-30 15:32:42'),(375,2,'116994808','2018-04-30 16:46:08'),(376,2,'116994808','2018-04-30 16:46:42'),(377,6,'1252310-458','2018-05-01 15:50:37'),(378,6,'833583-007','2018-05-01 16:21:45'),(379,6,'6491386','2018-05-01 18:10:46'),(380,3,'1266306','2018-05-02 16:11:28'),(381,3,'1272293','2018-05-02 16:23:38'),(382,3,'1255821-100','2018-05-02 16:26:51'),(383,3,'1245951-429','2018-05-02 16:39:28'),(384,3,'1264221-669','2018-05-02 16:40:11'),(385,3,'1252307-040','2018-05-02 16:41:51'),(386,3,'19007602','2018-05-02 16:43:11'),(387,3,'118370143','2018-05-02 16:44:29'),(388,3,'1299028','2018-05-02 16:47:17'),(389,3,'844670-400','2018-05-02 16:48:39'),(390,3,'833412','2018-05-02 16:49:37'),(391,3,'1274062','2018-05-02 16:51:57'),(392,3,'526628','2018-05-02 16:58:17'),(393,3,'117563059','2018-05-02 17:28:08'),(394,3,'852550-308','2018-05-02 17:28:56'),(395,3,'852554-801','2018-05-02 17:29:55'),(396,3,'117643444','2018-05-02 17:31:05'),(397,3,'116994808','2018-05-02 17:32:24'),(398,3,'749891-845','2018-05-02 17:33:34'),(399,3,'1266376','2018-05-03 10:17:00'),(400,3,'1266376','2018-05-03 10:17:01'),(401,3,'1295736-007','2018-05-03 10:18:11'),(402,3,'1258785-600','2018-05-03 10:19:01'),(403,3,'719912-602','2018-05-03 10:19:59'),(404,3,'118221058','2018-05-03 10:26:42'),(405,3,'852554-801','2018-05-03 10:33:43'),(406,3,'799592-004','2018-05-03 12:02:38'),(407,3,'819167-601','2018-05-03 16:37:18'),(408,3,'1258728-540','2018-05-03 16:38:07'),(409,3,'1268334','2018-05-03 16:39:27'),(410,3,'1266379-427','2018-05-03 16:40:22'),(411,3,'747486-903','2018-05-04 10:18:50'),(412,3,'747486-903','2018-05-04 16:56:53'),(413,3,'117810242','2018-05-04 17:02:34'),(414,3,'117810242','2018-05-04 18:58:03'),(415,6,'116994808','2018-05-05 09:16:49'),(416,6,'1259034-410','2018-05-05 10:05:17'),(417,6,'1274417-076','2018-05-05 12:37:15'),(418,6,'1273961-448','2018-05-05 18:05:06'),(419,6,'833583-007','2018-05-05 18:14:18'),(420,6,'118727480','2018-05-05 19:02:05'),(421,2,'1245951-429','2018-05-07 09:51:43'),(422,2,'1295727-002','2018-05-07 10:23:11'),(423,2,'917742-004','2018-05-07 10:26:04'),(424,3,'1264221','2018-05-07 16:06:19'),(425,3,'1274425-003','2018-05-07 16:07:07'),(426,3,'1259034-410','2018-05-07 16:08:41'),(427,3,'897644-200','2018-05-07 16:10:35'),(428,3,'881444-010','2018-05-07 18:05:22'),(429,3,'116994808','2018-05-07 18:18:22'),(430,6,'881444-010','2018-05-08 12:39:26'),(431,3,'852577','2018-05-08 16:01:51'),(432,2,'724382-008','2018-05-09 12:44:35'),(433,2,'897646-007','2018-05-09 17:43:19'),(434,3,'724382-008','2018-05-09 18:12:34'),(435,2,'1285652-998','2018-05-10 10:32:21'),(436,3,'875943-200','2018-05-10 19:24:20'),(437,5,'1264221','2018-05-11 09:42:02'),(438,5,'1274425-003','2018-05-11 16:37:41'),(439,5,'1258736-039','2018-05-11 18:32:27'),(440,5,'844378','2018-05-11 18:33:34'),(441,6,'1258736-039','2018-05-12 11:25:27'),(442,6,'819167-601','2018-05-12 16:09:41'),(443,6,'881444-010','2018-05-12 16:31:20'),(444,6,'833583-007','2018-05-12 17:35:34'),(445,6,'852402-400','2018-05-13 10:08:00'),(446,6,'1274417-076','2018-05-13 11:56:35'),(447,6,'897646-007','2018-05-13 12:34:45'),(448,6,'118281461','2018-05-14 09:21:59'),(449,6,'118727480','2018-05-14 10:12:39'),(450,6,'881444-010','2018-05-14 11:45:30'),(451,3,'903599-801','2018-05-14 17:37:12'),(452,3,'698001','2018-05-14 17:57:38'),(453,3,'819167-601','2018-05-14 18:01:26'),(454,3,'1258728','2018-05-14 18:08:42'),(455,3,'844408','2018-05-14 18:27:17'),(456,3,'117643444','2018-05-14 19:22:48'),(457,3,'119229824','2018-05-14 19:24:12'),(458,3,'116994839','2018-05-14 19:32:22'),(459,3,'852601-001','2018-05-14 19:42:30'),(460,3,'118727480','2018-05-14 19:58:37'),(461,3,'117643444','2018-05-15 18:17:25'),(462,3,'118761108','2018-05-15 18:18:30'),(463,3,'903599-801','2018-05-15 18:20:58'),(464,3,'698001','2018-05-15 18:23:12'),(465,3,'881444-010','2018-05-16 18:39:44'),(466,3,'818952-101','2018-05-16 18:41:27'),(467,3,'852402-400','2018-05-16 18:41:54'),(468,3,'917742-004','2018-05-16 19:32:29'),(469,3,'897646-007','2018-05-16 19:46:56'),(470,3,'881444-010','2018-05-17 09:40:36'),(471,3,'819167-601','2018-05-17 11:27:15'),(472,3,'1295727-101','2018-05-17 18:02:18'),(473,2,'119327662','2018-05-18 12:26:44'),(474,2,'119327662','2018-05-18 12:28:48'),(475,2,'119327662','2018-05-18 12:33:52'),(476,3,'932301','2018-05-18 15:45:16'),(477,3,'852554','2018-05-18 16:31:54'),(478,3,'875943-200','2018-05-18 18:09:47'),(479,2,'1258785-600','2018-05-19 16:02:16'),(480,2,'116994808','2018-05-19 16:10:44'),(481,2,'118221058','2018-05-19 17:15:27'),(482,6,'917726-400','2018-05-20 11:18:36'),(483,6,'116994839','2018-05-20 11:21:46'),(484,6,'36138302','2018-05-20 12:24:51');
/*!40000 ALTER TABLE `consultas` ENABLE KEYS */;
UNLOCK TABLES;

--
-- Temporary view structure for view `corte_caja`
--

DROP TABLE IF EXISTS `corte_caja`;
/*!50001 DROP VIEW IF EXISTS `corte_caja`*/;
SET @saved_cs_client     = @@character_set_client;
SET character_set_client = utf8;
/*!50001 CREATE VIEW `corte_caja` AS SELECT
 1 AS `FECHA`,
 1 AS `APERTURA`,
 1 AS `INGRESOS`,
 1 AS `EGRESOS`,
 1 AS `CIERRE`*/;
SET character_set_client = @saved_cs_client;

--
-- Temporary view structure for view `detalle_venta`
--

DROP TABLE IF EXISTS `detalle_venta`;
/*!50001 DROP VIEW IF EXISTS `detalle_venta`*/;
SET @saved_cs_client     = @@character_set_client;
SET character_set_client = utf8;
/*!50001 CREATE VIEW `detalle_venta` AS SELECT
 1 AS `FOLIO_VENTA`,
 1 AS `ASIGNACION`,
 1 AS `CLAVE`,
 1 AS `NOMBRE`,
 1 AS `PRECIO`*/;
SET character_set_client = @saved_cs_client;

--
-- Temporary view structure for view `detalles_apartados`
--

DROP TABLE IF EXISTS `detalles_apartados`;
/*!50001 DROP VIEW IF EXISTS `detalles_apartados`*/;
SET @saved_cs_client     = @@character_set_client;
SET character_set_client = utf8;
/*!50001 CREATE VIEW `detalles_apartados` AS SELECT
 1 AS `FOLIO`,
 1 AS `NOMBRE`,
 1 AS `PRECIO`*/;
SET character_set_client = @saved_cs_client;

--
-- Temporary view structure for view `detalles_productos`
--

DROP TABLE IF EXISTS `detalles_productos`;
/*!50001 DROP VIEW IF EXISTS `detalles_productos`*/;
SET @saved_cs_client     = @@character_set_client;
SET character_set_client = utf8;
/*!50001 CREATE VIEW `detalles_productos` AS SELECT
 1 AS `CLAVE`,
 1 AS `NOMBRE`,
 1 AS `NUEVO`,
 1 AS `CATEGORIA`,
 1 AS `PRECIO`,
 1 AS `DETALLES`,
 1 AS `IMAGEN`*/;
SET character_set_client = @saved_cs_client;

--
-- Temporary view structure for view `detalles_ventas_pendientes`
--

DROP TABLE IF EXISTS `detalles_ventas_pendientes`;
/*!50001 DROP VIEW IF EXISTS `detalles_ventas_pendientes`*/;
SET @saved_cs_client     = @@character_set_client;
SET character_set_client = utf8;
/*!50001 CREATE VIEW `detalles_ventas_pendientes` AS SELECT
 1 AS `FOLIO`,
 1 AS `ID_CLIENTE`,
 1 AS `CLIENTE`*/;
SET character_set_client = @saved_cs_client;

--
-- Table structure for table `egresos`
--

DROP TABLE IF EXISTS `egresos`;
/*!40101 SET @saved_cs_client     = @@character_set_client */;
/*!40101 SET character_set_client = utf8 */;
CREATE TABLE `egresos` (
  `FOLIO` int(11) NOT NULL AUTO_INCREMENT,
  `FECHA` datetime NOT NULL DEFAULT CURRENT_TIMESTAMP,
  `ID_USUARIO` int(11) NOT NULL,
  `TIPO` varchar(50) NOT NULL,
  `MONTO` float NOT NULL,
  `DETALLES` varchar(511) NOT NULL,
  `CANCELADO` tinyint(1) NOT NULL DEFAULT '0',
  PRIMARY KEY (`FOLIO`),
  KEY `ID_USUARIO` (`ID_USUARIO`),
  KEY `TIPO` (`TIPO`)
) ENGINE=InnoDB AUTO_INCREMENT=124 DEFAULT CHARSET=utf8;
/*!40101 SET character_set_client = @saved_cs_client */;

--
-- Dumping data for table `egresos`
--

LOCK TABLES `egresos` WRITE;
/*!40000 ALTER TABLE `egresos` DISABLE KEYS */;
INSERT INTO `egresos` VALUES (1,'2018-03-05 11:02:39',2,'Compra de mercancia',0,'',0),(2,'2018-03-05 12:10:50',2,'Compra de mercancia',2,'',0),(3,'2018-03-14 17:04:20',1,'Compra de mercancia',0,'',0),(4,'2018-03-15 08:20:03',2,'Compra de mercancia',0,'',0),(5,'2018-03-15 08:22:54',2,'Compra de mercancia',0,'',0),(6,'2018-03-15 08:24:39',2,'Compra de mercancia',0,'',0),(7,'2018-03-15 08:27:07',2,'Compra de mercancia',0,'',0),(8,'2018-03-16 10:45:39',2,'Compra de mercancia',0,'',0),(9,'2018-03-16 10:47:02',2,'Compra de mercancia',0,'',0),(10,'2018-03-16 10:48:21',2,'Compra de mercancia',0,'',0),(11,'2018-03-16 11:05:04',2,'Compra de mercancia',0,'',0),(12,'2018-03-17 10:18:18',2,'Compra de mercancia',0,'',0),(13,'2018-03-17 10:19:04',2,'Compra de mercancia',0,'',0),(14,'2018-03-20 15:10:46',2,'Compra de mercancia',0,'',0),(15,'2018-03-20 15:15:25',2,'Compra de mercancia',0,'',0),(16,'2018-03-20 15:18:22',2,'Compra de mercancia',0,'',0),(17,'2018-03-23 09:56:21',2,'Compra de mercancia',0,'',0),(18,'2018-03-23 10:02:57',2,'Compra de mercancia',0,'',0),(19,'2018-03-23 10:05:50',2,'Compra de mercancia',0,'',0),(20,'2018-03-23 10:08:39',2,'Compra de mercancia',0,'',0),(21,'2018-03-23 10:17:34',2,'Compra de mercancia',0,'',0),(22,'2018-03-23 10:19:41',2,'Compra de mercancia',0,'',0),(23,'2018-03-23 10:21:29',2,'Compra de mercancia',0,'',0),(24,'2018-03-23 11:28:30',2,'Compra de mercancia',0,'',0),(25,'2018-03-23 16:50:16',2,'Compra de mercancia',0,'',0),(26,'2018-03-26 09:52:50',2,'Compra de mercancia',0,'',0),(27,'2018-03-31 10:13:48',2,'Compra de mercancia',0,'',0),(28,'2018-04-04 09:05:04',2,'Compra de mercancia',0,'',0),(29,'2018-04-04 09:13:15',2,'Compra de mercancia',0,'',0),(30,'2018-04-04 09:16:59',2,'Compra de mercancia',0,'',0),(31,'2018-04-04 09:18:33',2,'Compra de mercancia',0,'',0),(32,'2018-04-04 09:36:52',2,'Compra de mercancia',0,'',0),(33,'2018-04-07 10:02:18',2,'Compra de mercancia',0,'',0),(34,'2018-04-07 10:11:29',2,'Compra de mercancia',0,'',0),(35,'2018-04-07 10:13:22',2,'Compra de mercancia',0,'',0),(36,'2018-04-07 11:38:35',2,'Compra de mercancia',0,'',0),(37,'2018-04-09 15:45:36',2,'Compra de mercancia',0,'',0),(38,'2018-04-09 15:49:44',2,'Compra de mercancia',0,'',0),(39,'2018-04-09 15:52:00',2,'Compra de mercancia',0,'',0),(40,'2018-04-09 15:57:51',2,'Compra de mercancia',0,'',0),(41,'2018-04-09 16:04:58',2,'Compra de mercancia',0,'',0),(42,'2018-04-11 16:08:35',2,'Compra de mercancia',0,'',0),(43,'2018-04-11 16:15:39',2,'Compra de mercancia',0,'',0),(44,'2018-04-11 16:20:12',2,'Compra de mercancia',0,'',0),(45,'2018-04-12 15:33:38',2,'Compra de mercancia',0,'',0),(46,'2018-04-12 15:36:01',2,'Compra de mercancia',0,'',0),(47,'2018-04-12 15:39:04',2,'Compra de mercancia',0,'',0),(48,'2018-04-12 15:41:41',2,'Compra de mercancia',0,'',0),(49,'2018-04-12 15:54:38',2,'Compra de mercancia',0,'',0),(50,'2018-04-12 16:08:36',2,'Compra de mercancia',0,'',0),(51,'2018-04-12 16:13:00',2,'Compra de mercancia',0,'',0),(52,'2018-04-12 16:17:59',2,'Compra de mercancia',0,'',0),(53,'2018-04-12 16:54:47',2,'Compra de mercancia',0,'',0),(54,'2018-04-23 16:03:30',2,'Compra de mercancia',0,'',0),(55,'2018-04-23 16:05:11',2,'Compra de mercancia',0,'',0),(56,'2018-04-23 16:07:52',2,'Compra de mercancia',0,'',0),(57,'2018-04-23 16:09:41',2,'Compra de mercancia',0,'',0),(58,'2018-04-25 15:18:23',2,'Compra de mercancia',0,'',0),(59,'2018-05-07 10:09:08',2,'Compra de mercancia',0,'',0),(60,'2018-05-07 10:13:45',2,'Compra de mercancia',0,'',0),(61,'2018-05-07 10:17:37',2,'Compra de mercancia',0,'',0),(62,'2018-05-07 10:27:00',2,'Compra de mercancia',0,'',0),(63,'2018-05-07 10:35:18',2,'Compra de mercancia',0,'',0),(64,'2018-05-07 10:37:57',2,'Compra de mercancia',0,'',0),(65,'2018-05-07 10:40:01',2,'Compra de mercancia',0,'',0),(66,'2018-05-07 10:49:35',2,'Compra de mercancia',0,'',0),(67,'2018-05-07 10:57:59',2,'Compra de mercancia',0,'',0),(68,'2018-05-07 11:01:55',2,'Compra de mercancia',0,'',0),(69,'2018-05-07 11:05:32',2,'Compra de mercancia',0,'',0),(70,'2018-05-07 11:08:47',2,'Compra de mercancia',0,'',0),(71,'2018-05-07 12:52:55',2,'Compra de mercancia',0,'',0),(72,'2018-05-09 10:24:07',2,'Compra de mercancia',0,'',0),(73,'2018-05-09 10:26:32',2,'Compra de mercancia',0,'',0),(74,'2018-05-09 17:28:11',2,'Compra de mercancia',0,'',0),(75,'2018-05-09 17:29:38',2,'Compra de mercancia',0,'',0),(76,'2018-05-09 17:31:29',2,'Compra de mercancia',0,'',0),(77,'2018-05-09 17:32:26',2,'Compra de mercancia',0,'',0),(78,'2018-05-09 17:33:07',2,'Compra de mercancia',0,'',0),(79,'2018-05-09 17:36:47',2,'Compra de mercancia',0,'',0),(80,'2018-05-09 17:37:23',2,'Compra de mercancia',0,'',0),(81,'2018-05-09 17:38:24',2,'Compra de mercancia',0,'',0),(82,'2018-05-09 17:39:30',2,'Compra de mercancia',0,'',0),(83,'2018-05-09 17:41:02',2,'Compra de mercancia',0,'',0),(84,'2018-05-09 17:42:27',2,'Compra de mercancia',0,'',0),(85,'2018-05-09 17:44:20',2,'Compra de mercancia',0,'',0),(86,'2018-05-09 17:48:59',2,'Compra de mercancia',0,'',0),(87,'2018-05-10 10:32:03',2,'Compra de mercancia',0,'',0),(88,'2018-05-10 10:40:32',2,'Compra de mercancia',0,'',0),(89,'2018-05-10 10:42:19',2,'Compra de mercancia',0,'',0),(90,'2018-05-18 12:26:17',2,'Compra de mercancia',0,'',0),(91,'2018-05-18 15:10:43',2,'Compra de mercancia',0,'',0),(92,'2018-05-19 11:56:41',2,'Compra de mercancia',0,'',0),(93,'2018-05-19 11:59:04',2,'Compra de mercancia',0,'',0),(94,'2018-05-19 12:02:36',2,'Compra de mercancia',0,'',0),(95,'2018-05-19 12:05:06',2,'Compra de mercancia',0,'',0),(96,'2018-05-19 12:06:53',2,'Compra de mercancia',0,'',0),(97,'2018-05-19 12:13:46',2,'Compra de mercancia',0,'',0),(98,'2018-05-19 12:28:26',2,'Compra de mercancia',0,'',0),(99,'2018-05-19 12:31:07',2,'Compra de mercancia',0,'',0),(100,'2018-05-19 12:33:00',2,'Compra de mercancia',0,'',0),(101,'2018-05-19 12:34:22',2,'Compra de mercancia',0,'',0),(102,'2018-05-19 12:36:07',2,'Compra de mercancia',0,'',0),(103,'2018-05-19 12:37:46',2,'Compra de mercancia',0,'',0),(104,'2018-05-19 12:39:12',2,'Compra de mercancia',0,'',0),(105,'2018-05-19 12:45:09',2,'Compra de mercancia',0,'',0),(106,'2018-05-19 12:46:17',2,'Compra de mercancia',0,'',0),(107,'2018-05-19 12:47:42',2,'Compra de mercancia',0,'',0),(108,'2018-05-19 12:49:56',2,'Compra de mercancia',0,'',0),(109,'2018-05-19 12:51:17',2,'Compra de mercancia',0,'',0),(110,'2018-05-19 15:47:55',2,'Compra de mercancia',0,'',0),(111,'2018-05-19 15:49:40',2,'Compra de mercancia',0,'',0),(112,'2018-05-19 15:51:01',2,'Compra de mercancia',0,'',0),(113,'2018-05-19 15:52:54',2,'Compra de mercancia',0,'',0),(114,'2018-05-19 15:55:19',2,'Compra de mercancia',0,'',0),(115,'2018-05-19 15:56:35',2,'Compra de mercancia',0,'',0),(116,'2018-05-19 15:59:53',2,'Compra de mercancia',0,'',0),(117,'2018-05-19 16:01:06',2,'Compra de mercancia',0,'',0),(118,'2018-05-19 16:02:01',2,'Compra de mercancia',0,'',0),(119,'2018-05-19 16:03:00',2,'Compra de mercancia',0,'',0),(120,'2018-05-19 16:04:18',2,'Compra de mercancia',0,'',0),(121,'2018-05-19 16:07:44',2,'Compra de mercancia',0,'',0),(122,'2018-05-19 16:09:00',2,'Compra de mercancia',0,'',0),(123,'2018-05-19 16:21:23',2,'Compra de mercancia',0,'',0);
/*!40000 ALTER TABLE `egresos` ENABLE KEYS */;
UNLOCK TABLES;

--
-- Table structure for table `formas_de_pago`
--

DROP TABLE IF EXISTS `formas_de_pago`;
/*!40101 SET @saved_cs_client     = @@character_set_client */;
/*!40101 SET character_set_client = utf8 */;
CREATE TABLE `formas_de_pago` (
  `NOMBRE` varchar(30) NOT NULL,
  PRIMARY KEY (`NOMBRE`)
) ENGINE=InnoDB DEFAULT CHARSET=utf8;
/*!40101 SET character_set_client = @saved_cs_client */;

--
-- Dumping data for table `formas_de_pago`
--

LOCK TABLES `formas_de_pago` WRITE;
/*!40000 ALTER TABLE `formas_de_pago` DISABLE KEYS */;
INSERT INTO `formas_de_pago` VALUES ('Apartado'),('Cancelado'),('Efectivo'),('Pendiente'),('Tarjeta');
/*!40000 ALTER TABLE `formas_de_pago` ENABLE KEYS */;
UNLOCK TABLES;

--
-- Table structure for table `ingresos`
--

DROP TABLE IF EXISTS `ingresos`;
/*!40101 SET @saved_cs_client     = @@character_set_client */;
/*!40101 SET character_set_client = utf8 */;
CREATE TABLE `ingresos` (
  `FOLIO` int(11) NOT NULL AUTO_INCREMENT,
  `FECHA` datetime NOT NULL DEFAULT CURRENT_TIMESTAMP,
  `ID_USUARIO` int(11) NOT NULL,
  `TIPO` varchar(50) NOT NULL,
  `MONTO` float NOT NULL,
  `DETALLES` varchar(511) NOT NULL,
  `CANCELADO` tinyint(1) NOT NULL DEFAULT '0',
  PRIMARY KEY (`FOLIO`),
  KEY `ID_USUARIO` (`ID_USUARIO`),
  KEY `TIPO` (`TIPO`)
) ENGINE=InnoDB AUTO_INCREMENT=99 DEFAULT CHARSET=utf8;
/*!40101 SET character_set_client = @saved_cs_client */;

--
-- Dumping data for table `ingresos`
--

LOCK TABLES `ingresos` WRITE;
/*!40000 ALTER TABLE `ingresos` DISABLE KEYS */;
INSERT INTO `ingresos` VALUES (1,'2018-03-03 09:18:22',2,'Abono',240,'Apartado:under naranja-verde',0),(2,'2018-03-03 11:34:27',2,'Pago de contado',2300,'persona de fuera',0),(3,'2018-03-05 11:22:45',2,'Abono',690,'Apartado:nike lebron camuflaje',0),(4,'2018-03-05 11:24:54',2,'Abono',1010,'Apartado:nike lebron camuflaje',0),(5,'2018-03-05 11:33:24',2,'Abono',390,'Apartado:nike airmax naranja-azul',0),(6,'2018-03-05 11:40:12',2,'Abono',450,'Apartado:nike rapido naranja',0),(7,'2018-03-05 11:40:46',2,'Abono',50,'Apartado:nike rapido naranja',0),(8,'2018-03-05 11:44:48',2,'Abono',300,'Apartado:under negro-cinta blanca',0),(9,'2018-03-06 12:50:43',2,'Abono',270,'Apartado:nike rosa-morado',0),(10,'2018-03-06 12:51:35',2,'Abono',30,'Apartado:nike rosa-morado',0),(11,'2018-03-06 12:56:14',2,'Abono',480,'Apartado:adidas predator negro-blanco',0),(12,'2018-03-06 12:56:51',2,'Abono',20,'Apartado:adidas predator negro-blanco',0),(13,'2018-03-06 18:51:41',4,'Abono',300,'Apartado:under azul',0),(14,'2018-03-08 12:18:43',4,'Abono',600,'Apartado:nike jaeson keed negro',1),(15,'2018-03-10 10:58:55',4,'Abono',500,'Apartado:under negro',0),(16,'2018-03-10 11:43:34',4,'Pago de contado',0,'predator blancos',0),(17,'2018-03-14 16:05:55',4,'Abono',240,'Apartado:puma blanco-rojo',1),(19,'2018-03-14 16:56:59',1,'Abono',0,'Apartado:under negro-morado',0),(20,'2018-03-16 10:20:28',2,'Abono',500,'Apartado:adidas predator negro-blanco',0),(21,'2018-03-16 10:23:10',2,'Abono',600,'Apartado:nike lebron camuflaje',0),(22,'2018-03-16 10:36:43',2,'Abono',770,'Apartado:under negro',0),(23,'2018-03-16 10:40:29',2,'Abono',360,'Apartado:under naranja-verde',0),(24,'2018-03-16 10:49:56',2,'Abono',200,'Apartado:nike negro-plata',1),(25,'2018-03-16 10:52:44',2,'Abono',200,'Apartado:nike negro-plata',0),(26,'2018-03-16 10:55:15',2,'Abono',200,'Apartado:nike negro-plata',0),(27,'2018-03-16 10:55:57',2,'Abono',200,'Apartado:nike negro-plata',0),(28,'2018-03-16 11:08:41',2,'Abono',300,'Apartado:jordan rojo numero 8.5',0),(29,'2018-03-17 12:44:25',2,'Abono',270,'Apartado:nike rosa-morado',0),(30,'2018-03-19 18:18:53',2,'Pago de contado',1200,'',0),(31,'2018-03-19 18:20:09',2,'Pago de contado',1000,'',0),(32,'2018-03-23 11:29:03',2,'Pago de contado',1200,'',0),(33,'2018-03-26 16:51:18',5,'Pago de contado',1200,'',0),(34,'2018-03-26 16:53:58',5,'Abono',450,'Apartado:Nike hipervenom amarillo con negro talla 7',0),(35,'2018-03-26 16:54:53',5,'Abono',250,'Apartado:Nike hipervenom amarillo con negro talla 7',0),(36,'2018-03-26 16:55:35',5,'Abono',1000,'Apartado:nike rapido naranja',0),(37,'2018-03-26 18:45:29',5,'Pago de contado',1400,'',0),(38,'2018-03-28 10:10:31',5,'Pago de contado',1400,'',0),(39,'2018-03-28 11:44:10',5,'Pago de contado',2300,'',0),(40,'2018-03-28 18:00:59',5,'Pago de contado',1400,'',0),(41,'2018-03-28 18:58:41',5,'Pago de contado',800,'',0),(42,'2018-03-29 11:57:48',2,'Pago de contado',2200,'',0),(43,'2018-03-31 10:14:39',2,'Abono',1000,'Apartado:nike lebron cake ',0),(44,'2018-03-31 10:15:28',2,'Abono',205,'Apartado:nike lebron cake ',0),(45,'2018-04-02 13:11:14',5,'Pago de contado',1600,'',0),(46,'2018-04-03 16:57:56',5,'Pago de contado',600,'',0),(47,'2018-04-03 18:10:03',5,'Pago de contado',1200,'',0),(48,'2018-04-07 09:58:00',6,'Abono',480,'Apartado:adidas rapido negro-blanco',0),(49,'2018-04-07 11:39:55',2,'Pago de contado',1800,'',0),(50,'2018-04-08 11:38:30',6,'Abono',700,'Apartado:under negro-cinta blanca',0),(51,'2018-04-11 11:58:23',6,'Abono',500,'Apartado:nike jaeson keed negro',1),(52,'2018-04-11 17:07:21',2,'Abono',500,'Apartado:Nike hipervenom amarillo con negro talla 7',0),(53,'2018-04-11 17:49:05',2,'Pago de contado',3000,'',0),(54,'2018-04-11 18:24:39',2,'Pago de contado',2000,'',0),(55,'2018-04-12 12:40:48',6,'Abono',600,'Apartado:under naranja-verde',0),(56,'2018-04-12 17:13:16',2,'Abono',600,'Apartado:adidas predator negro-blanco',0),(57,'2018-04-15 12:16:09',6,'Abono',420,'Apartado:chute nemesis verde rayas',0),(58,'2018-04-15 12:16:11',6,'Abono',420,'Apartado:adidas predator negro-blanco numero 4.5',0),(59,'2018-04-16 10:40:58',2,'Pago de contado',2000,'',0),(60,'2018-04-16 11:35:43',2,'Abono',200,'Apartado:nike jaeson keed negro',0),(61,'2018-04-16 11:42:36',2,'Abono',500,'Apartado:nike jaeson keed negro',0),(62,'2018-04-16 11:43:06',2,'Abono',600,'Apartado:nike jaeson keed negro',0),(63,'2018-04-16 11:43:15',2,'Abono',600,'Apartado:nike jaeson keed negro',0),(64,'2018-04-16 11:45:52',2,'Abono',600,'Apartado:nike jaeson keed negro',0),(65,'2018-04-16 11:46:11',2,'Abono',200,'Apartado:nike jaeson keed negro',0),(66,'2018-04-16 11:48:50',2,'Abono',120,'Apartado:jordan rojo numero 8.5',0),(67,'2018-04-16 16:18:58',2,'Pago de contado',1000,'',0),(68,'2018-04-17 16:02:54',2,'Abono',300,'Apartado:Nike hipervenom amarillo con negro talla 7',0),(69,'2018-04-17 18:46:15',2,'Abono',600,'Apartado:nike rosa-morado',0),(70,'2018-04-21 19:04:14',6,'Abono',1120,'Apartado:adidas rapido negro-blanco',0),(71,'2018-04-21 19:35:51',6,'Abono',420,'Apartado:adidas futbol rapido azul -azul menta',0),(72,'2018-04-21 19:35:54',6,'Abono',420,'Apartado:adidas de rapido gris',0),(73,'2018-04-21 19:35:56',6,'Abono',690,'Apartado:nike lebron james soldier',0),(74,'2018-04-22 13:22:27',6,'Abono',420,'Apartado:adidas nemesis rapido azul',0),(75,'2018-04-23 12:11:14',6,'Abono',540,'Apartado:reebok negro tr2',0),(76,'2018-04-23 15:50:42',2,'Pago de contado',2150,'',0),(77,'2018-04-23 15:51:26',2,'Pago de contado',1600,'',0),(78,'2018-04-25 18:25:29',2,'Pago de contado',1200,'',0),(79,'2018-04-27 11:19:02',2,'Abono',480,'Apartado:adidas futbol rapido azul cielo-azul m',0),(80,'2018-04-27 11:20:33',2,'Abono',520,'Apartado:adidas futbol rapido azul cielo-azul m',0),(81,'2018-04-28 09:46:50',2,'Abono',600,'Apartado:adidas futbol rapido azul cielo-azul m',0),(82,'2018-04-28 09:48:23',2,'Abono',480,'Apartado:adidas futbol rapido gris x',0),(83,'2018-04-28 09:48:51',2,'Abono',20,'Apartado:adidas futbol rapido gris x',0),(84,'2018-04-28 12:56:53',2,'Pago de contado',1400,'',0),(85,'2018-04-30 11:16:27',6,'Pago de contado',2500,'',0),(86,'2018-05-02 10:15:34',2,'Pago de contado',1000,'',0),(87,'2018-05-07 10:52:25',2,'Pago de contado',1800,'',0),(88,'2018-05-07 11:32:17',2,'Abono',980,'Apartado:adidas nemesis rapido azul',0),(89,'2018-05-10 10:34:59',2,'Abono',360,'Apartado:under azul',0),(90,'2018-05-10 10:35:27',2,'Abono',140,'Apartado:under azul',0),(91,'2018-05-11 09:54:50',5,'Pago de contado',1200,'',0),(92,'2018-05-11 16:44:43',5,'Pago de contado',2300,'',0),(93,'2018-05-11 18:33:11',5,'Pago de contado',1000,'',0),(94,'2018-05-12 12:01:34',6,'Abono',1100,'Apartado:adidas futbol rapido gris x',0),(95,'2018-05-15 17:26:25',1,'Abono',901,'Apartado:',0),(96,'2018-05-18 12:28:00',2,'Pago de contado',1800,'',0),(97,'2018-05-18 12:29:37',2,'Pago de contado',1800,'',0),(98,'2018-05-18 12:34:37',2,'Pago de contado',1800,'',0);
/*!40000 ALTER TABLE `ingresos` ENABLE KEYS */;
UNLOCK TABLES;

--
-- Temporary view structure for view `inventario`
--

DROP TABLE IF EXISTS `inventario`;
/*!50001 DROP VIEW IF EXISTS `inventario`*/;
SET @saved_cs_client     = @@character_set_client;
SET character_set_client = utf8;
/*!50001 CREATE VIEW `inventario` AS SELECT
 1 AS `CLAVE`,
 1 AS `NOMBRE`,
 1 AS `NUEVO`,
 1 AS `CATEGORIA`,
 1 AS `EXISTENCIA`*/;
SET character_set_client = @saved_cs_client;

--
-- Temporary view structure for view `nivel_de_usuario`
--

DROP TABLE IF EXISTS `nivel_de_usuario`;
/*!50001 DROP VIEW IF EXISTS `nivel_de_usuario`*/;
SET @saved_cs_client     = @@character_set_client;
SET character_set_client = utf8;
/*!50001 CREATE VIEW `nivel_de_usuario` AS SELECT
 1 AS `ID_USUARIO`,
 1 AS `NOMBRE`,
 1 AS `ID_NIVEL`,
 1 AS `NIVEL`*/;
SET character_set_client = @saved_cs_client;

--
-- Table structure for table `niveles_usuario`
--

DROP TABLE IF EXISTS `niveles_usuario`;
/*!40101 SET @saved_cs_client     = @@character_set_client */;
/*!40101 SET character_set_client = utf8 */;
CREATE TABLE `niveles_usuario` (
  `ID` int(11) NOT NULL,
  `NOMBRE` varchar(255) NOT NULL,
  PRIMARY KEY (`ID`),
  UNIQUE KEY `ID` (`ID`),
  UNIQUE KEY `NOMBRE` (`NOMBRE`)
) ENGINE=InnoDB DEFAULT CHARSET=utf8;
/*!40101 SET character_set_client = @saved_cs_client */;

--
-- Dumping data for table `niveles_usuario`
--

LOCK TABLES `niveles_usuario` WRITE;
/*!40000 ALTER TABLE `niveles_usuario` DISABLE KEYS */;
INSERT INTO `niveles_usuario` VALUES (1,'Administrador'),(2,'Cajero'),(0,'Superusuario');
/*!40000 ALTER TABLE `niveles_usuario` ENABLE KEYS */;
UNLOCK TABLES;

--
-- Temporary view structure for view `nombre_cliente`
--

DROP TABLE IF EXISTS `nombre_cliente`;
/*!50001 DROP VIEW IF EXISTS `nombre_cliente`*/;
SET @saved_cs_client     = @@character_set_client;
SET character_set_client = utf8;
/*!50001 CREATE VIEW `nombre_cliente` AS SELECT
 1 AS `ID`,
 1 AS `NOMBRE`*/;
SET character_set_client = @saved_cs_client;

--
-- Table structure for table `pagos_de_contado`
--

DROP TABLE IF EXISTS `pagos_de_contado`;
/*!40101 SET @saved_cs_client     = @@character_set_client */;
/*!40101 SET character_set_client = utf8 */;
CREATE TABLE `pagos_de_contado` (
  `FOLIO_VENTA` int(11) NOT NULL,
  `FOLIO_INGRESO` int(11) NOT NULL,
  PRIMARY KEY (`FOLIO_VENTA`),
  KEY `FOLIO_INGRESO` (`FOLIO_INGRESO`)
) ENGINE=InnoDB DEFAULT CHARSET=utf8;
/*!40101 SET character_set_client = @saved_cs_client */;

--
-- Dumping data for table `pagos_de_contado`
--

LOCK TABLES `pagos_de_contado` WRITE;
/*!40000 ALTER TABLE `pagos_de_contado` DISABLE KEYS */;
INSERT INTO `pagos_de_contado` VALUES (8,2),(27,16),(36,30),(37,31),(39,32),(42,33),(44,37),(45,38),(46,39),(47,40),(48,41),(49,42),(52,45),(53,46),(54,47),(58,49),(71,53),(72,54),(76,59),(77,67),(84,76),(85,77),(86,78),(89,84),(90,85),(91,86),(94,87),(97,91),(98,92),(99,93),(101,96),(102,97),(103,98);
/*!40000 ALTER TABLE `pagos_de_contado` ENABLE KEYS */;
UNLOCK TABLES;

--
-- Table structure for table `productos`
--

DROP TABLE IF EXISTS `productos`;
/*!40101 SET @saved_cs_client     = @@character_set_client */;
/*!40101 SET character_set_client = utf8 */;
CREATE TABLE `productos` (
  `CLAVE` varchar(15) NOT NULL,
  `NOMBRE` varchar(511) NOT NULL,
  `NUEVO` tinyint(1) NOT NULL,
  `ID_CATEGORIA` int(11) NOT NULL,
  `PRECIO` float NOT NULL,
  `TALLA` varchar(20) NOT NULL DEFAULT '',
  `DETALLES` varchar(511) NOT NULL,
  `EXISTENCIA` int(11) NOT NULL DEFAULT '0',
  `IMAGEN` varchar(511) NOT NULL,
  PRIMARY KEY (`CLAVE`),
  KEY `ID_CATEGORIA` (`ID_CATEGORIA`)
) ENGINE=InnoDB DEFAULT CHARSET=utf8;
/*!40101 SET character_set_client = @saved_cs_client */;

--
-- Dumping data for table `productos`
--

LOCK TABLES `productos` WRITE;
/*!40000 ALTER TABLE `productos` DISABLE KEYS */;
INSERT INTO `productos` VALUES ('065297146','puma ferrari rojo',0,11,1200,'','numero 9',0,''),('113627489','Adidas azul talla 8.5',1,9,1200,'','',1,''),('113955746','adidas chute naranja',1,3,1400,'','numero 7',0,''),('116381040','reebok melon  elasticos',1,7,1200,'','',1,''),('116612218','adidas superstar blanco-azul',0,9,1200,'','numero 8',0,''),('116994808','adidas futbol rapido gris x',0,4,1600,'','',1,''),('116994839','adidas chute blanco-rayas verde',1,3,1500,'','',1,''),('117560197','adidas futbol rapido negro-morado',0,4,1400,'','',1,''),('117563059','adidas de rapido gris',1,4,1400,'','',2,''),('117621476','adidas nemesis rapido blanco-rayas negras',1,4,1400,'','',1,''),('117641785','adidas chute negro',1,3,900,'','',1,''),('117643444','adidas futbol rapido azul cielo-azul m',1,4,1600,'','',1,''),('117684761','chute nemesis verde rayas',0,3,1400,'','numero 8',0,''),('117782725','REEBOK DAMA NEGRO-ROSA',1,7,1800,'','',1,''),('117810242','adidas nemesis rapido azul',1,4,1400,'','',1,''),('118151644','reebok tr2 dama ',1,7,1800,'','',2,''),('118221058','chute nemessis blanco',0,3,1400,'','numero 8',0,''),('118255981','adidas futbol rapido azul -azul menta',1,4,1400,'','',1,''),('118281461','adidas rapido negro-blanco',0,3,1600,'','numero8.5',-1,''),('118345339','NEMESIS DORADO-NEGRO',1,4,1400,'','',1,''),('118370143','adidas predator negro-blanco',0,4,1200,'','numero 19',0,''),('118403028','adidas rapido predator',0,3,1600,'','numero 7',0,''),('118727479','adidas predator negro-blanco',0,4,1600,'','numero 6',-1,''),('118727480','adidas predator negro-blanco numero 4.5',1,4,1400,'','',4,''),('118727513','nemessis dorado',0,3,1300,'','',0,''),('118761108','ADIDAS NEMESIS ROJO',1,4,1300,'','',1,''),('118787130','adidas rojo-negro',1,1,1200,'','',1,''),('119229824','ADIDAS PREDATOR RAPIDO NEGRO',1,4,1600,'','',4,''),('119253956','reebok tr2 verde',1,7,1800,'','',2,''),('119327662','reebok negro tr2',1,7,1800,'','',4,''),('119328039','rebook tr2 negro numero 7',1,7,1800,'','',1,''),('1238581','under rojo',0,8,1000,'','numero 7',0,''),('1245951-429','under azul-rojo',1,8,1200,'','',1,''),('1247997','under negro-cinta blanca',0,8,1000,'','numero 4',-1,''),('1252287-002','under negro-verde',0,8,1200,'','.',0,''),('1252295-003','under negro-verde',0,8,1200,'','',1,''),('1252307-002','under mujer negro-azul num 4',0,8,1000,'','.',0,''),('1252307-040','under gris azul verde',0,8,1000,'','numero 4',0,''),('1252309-877','under naranja',1,8,1000,'','',1,''),('1252310-458','under azul-naranja-morado',1,8,1000,'','',1,''),('1254879-001','under negro-blanco',0,8,800,'','numero 7',0,''),('1254879-280','under crema -cafe',0,8,800,'','numero 7',0,''),('1255782','under cafe casual',0,8,800,'','numero 10',0,''),('1255821-100','under blanco-naranja-negro',0,8,1200,'','',1,''),('1258728','under morado',0,8,1000,'','numero 5.5',0,''),('1258728-540','under morado',0,8,1000,'','numero 5.5',2,''),('1258730-652','under rosa',1,8,1000,'','',1,''),('1258736-039','under gris-azul',0,8,1000,'','numero 4',0,''),('1258736-041','under gris-morado',1,8,1000,'','',1,''),('1258785-600','under rojo',0,8,1200,'','numero 8',4,''),('1259034','under azul',0,5,1000,'','numero 4',0,''),('1259034-410','under de bota',0,1,1000,'','numero 4',0,''),('1263712','under azul-naranja',0,4,900,'','numero 7',0,''),('1264221','under naranja',0,8,1200,'','numero7',0,''),('1264221-669','under naranja-verde',0,4,1200,'','numero 7',2,''),('1266224','under negro-blanco',0,8,0,'','numero 7.5',0,''),('1266241-396','under azul menta',1,8,1000,'','',1,''),('1266245-907','under azul',1,8,1000,'','',1,''),('1266252-037','under gris-azul under blanca',0,8,1000,'','numero 4',0,''),('1266302','under gris-negro',0,7,1000,'','numero 3',0,''),('1266305','under negro- rosa',0,8,1000,'','numero 3',0,''),('1266306','under morado',0,8,850,'','numero 20',0,''),('1266320','under negro-verde',0,8,1000,'','numero 3',0,''),('1266376','under azul-negro',0,8,1000,'','numero 7',0,''),('1266379-427','under azul-verde',0,8,1000,'','numero 4',0,''),('1268334','under verde-rosa',0,8,1000,'','numero 7',0,''),('1272293','under negro-morado',0,8,1000,'','numero 3',0,''),('1272294','under azul-amarillo',0,8,850,'','numero 20',0,''),('1273951-907','under azul mezclilla',1,8,1200,'','',1,''),('1273961-448','under azul-gris',1,8,1000,'','',1,''),('1274062','under bota currey gris claro',0,5,1000,'','numero 3',0,''),('1274417-076','under gris-amarillo',1,8,1000,'','',2,''),('1274422','under amarillo',0,8,1000,'','',0,''),('1274422-102','under amarillo',0,8,1200,'','',1,''),('1274425-003','under negro-rojo',0,5,1500,'','numero 7',0,''),('1276681-907','under azul-amarillo',1,8,1,'','',1,''),('1281998-907','UNDER AZUL MEZCLILLA',1,8,1000,'','',1,''),('1285481-297','under melon',1,8,1000,'','',1,''),('1285487-001','under negro-gris',1,8,1000,'','',1,''),('1285652-006','under negro-rojo-blanco',1,8,1200,'','',1,''),('1285652-998','under azul',1,8,1200,'','',1,''),('1285670-004','under negro-verde',1,8,1,'','',1,''),('1295727-002','under negro-gris',1,8,1300,'','',1,''),('1295727-101','under gris',1,8,1300,'','',1,''),('1295736-007','under negro-blanco',1,8,1200,'','',1,''),('1295736-101','under gris',1,8,1200,'','',1,''),('1295736-104','under gris',1,8,1200,'','',1,''),('1299028','under azul-verde',0,5,1000,'','numero 3',0,''),('15067','sketshers negro-azul',1,10,1000,'','',1,''),('18851401','puma blanco-rojo',0,11,1000,'','numero 2',0,''),('18920101','puma blanco-rojo',0,11,800,'','numero 17',0,''),('19007602','puma negro-amarillo',0,11,650,'','numero19',0,''),('3000314','under azul-blanco',0,8,1000,'','numero 7',2,''),('3000398-001','under negro del 7',1,8,1200,'','',1,''),('36138302','puma azul',1,1,1000,'','',1,''),('4501212516','under azul-amarillo',0,5,1800,'','numero 7.5',0,''),('4501275287','under negro',0,8,1100,'','numero 5.5',-1,''),('4501369164','under currey negro-morado del 5',1,5,1600,'','',1,''),('4501369178','under currey azul del 4.5',1,5,1600,'','',1,''),('454164-005','nike gris -amarillo',1,6,1000,'','',1,''),('4700148142','under azul-gris',1,8,1000,'','',1,''),('52114','sketshers negro',1,10,1100,'','',1,''),('526628','nike verde-morado',0,6,1000,'','numero 8',0,''),('54152','sketshers gris metedera',0,10,1000,'','numero 9.5',0,''),('55061','sketshers negro- azul',1,10,1100,'','numero 7.5',2,''),('55842','sketshers negro',1,10,1100,'','',1,''),('580915','oasics mujer negro-rosa num 5.5',0,1,1000,'',',',0,''),('599432-886','nike rosa-morado 4',1,6,850,'','',1,''),('59952','sketshers gris con gris',1,10,1000,'','',1,''),('6491386','newbalance negro-amarillo',0,4,900,'','numero 9,5',0,''),('685266-011','nike gris',1,6,1200,'','',1,''),('698001','adidas predator nego-blanco botin',0,4,1600,'','numero 6 viene amplio',0,''),('698007','adidas predator blanco botin',0,4,1600,'','numero 8 viene amplio',0,''),('698181','nike morado negro',0,6,1000,'','numero 8',0,''),('698181-014','nike morado',1,6,1000,'','',1,''),('719912-602','nike airmax naranja-azul',0,6,1300,'','numero 9.5',0,''),('721356','vanz negro-blanco',0,12,600,'','numero 20',0,''),('721356-','vanz negro-colores',0,12,700,'','numero 7.5',0,''),('724382-008','nike negro-naranja',1,6,1200,'','numero 8',1,''),('7309-080','nike rapido gris-naramnja',1,4,1500,'','',1,''),('747486','nike rapido negro',0,4,1600,'','numero 5',0,''),('747486-903','nike futbol rapido dorado',1,4,1500,'','',1,''),('747966','nike negro-rosa',0,6,800,'','numero 5',0,''),('749361-810','nike rosa-gris',1,6,1000,'','numero 8',0,''),('749417-084','nike bota lebron  james colores ',1,6,2000,'','',1,''),('749891-845','nike naranja-morado',1,4,800,'','numero 8',0,''),('789006','adidas blanco-negro',0,9,1200,'','numero 6',0,''),('799592-004','chute nike gris-verde',1,3,1500,'','',1,''),('810868-605','jordan rojo numero 8.5',0,5,1600,'','',0,''),('818952','nike kobe bryan negro-rosa',0,5,1200,'','numero 7\n',0,''),('818952-008','nike kobe bryan rosa',1,6,1,'','',1,''),('818952-101','nike kobe bryan',1,6,1200,'','',1,''),('819167-601','nike rosa-negro',0,6,900,'','numero 5',0,''),('819300-600','nike nrgro-rojo numero 10.5',1,6,1200,'','',2,''),('819316','nike negro-verde',0,6,1000,'','numero 8',0,''),('819893-313','nike verde-azul tipo ojas',1,6,1000,'','',1,''),('820201-515','nike azul-rosa',1,6,900,'','',1,''),('827115-003','nike gris-naranja',1,6,1000,'','',1,''),('827115-402','nike azul-naranja',1,6,1000,'','',1,''),('831408-601','nike rosa-morado',0,6,900,'','talla 5',-1,''),('831943','nike rapido negro-rosa botin',0,3,1250,'','numero 3.5',0,''),('831976','futbol rapido nike morado',0,4,1600,'','numero 10',0,''),('833412','nike airmaxazul-blanco',0,6,1000,'','numero 4',0,''),('833583-007','nike shoks gris',1,6,1500,'','',1,''),('843957','rapido nike naranja botin',0,4,1500,'','numero 8.5 mexicano',0,''),('843957-805','nike rapido naranja',0,6,1500,'','numero 8.5',-1,''),('844372-445','nike azul zoom',1,5,1600,'','',1,''),('844378','lebron camuflajeado',0,5,2000,'','numero 7.5',0,''),('844408','nike verde fosforecente',0,4,800,'','numero 8',0,''),('844595','chute nike negro-naranja botin magista',0,3,1500,'','numero 8',0,''),('844595-008','nike magista negro-naranja botin',0,3,1500,'','numero 4',0,''),('844670-400','nike azu paloma naranja',1,6,900,'','',1,''),('852402-400','nike lebron azul bota',1,5,2500,'','',3,''),('852550-308','chute nike verde-rosa',1,3,1500,'','',1,''),('852554','chute nike amarillo-negro',0,3,1500,'','numero 7',0,''),('852554-801','Nike hipervenom amarillo con negro talla 7',1,6,1500,'','       ',2,''),('852577','nike negro-plata botin ',0,4,1600,'','numero 8',0,''),('852577-004','NIKE RAPIDO GRIS-NEGRO-AZUL',1,4,1500,'','',1,''),('852601-001','nike negro-plata',0,4,1400,'','numero 3.5',4,''),('852700-004','chute nike gris verde 4.5',1,3,1500,'','',1,''),('859890-300','NIKE RAPIDO NEGRO-AMARILLO',1,4,1400,'','',1,''),('875943-200','nike air max verde',0,6,1400,'','numero8.5',0,''),('881444-010','JORDAN NEGRO-BLANCO',1,5,1800,'','',4,''),('882087','chute nike verde-naranja',0,3,1500,'','numero 4',0,''),('897644-005','nike lebron james soldier',0,5,2300,'','numero 10',0,''),('897644-005-','nike lebron james negro-azul',0,5,2300,'','numero 9',0,''),('897644-200','nike lebron camuflaje',0,5,2300,'','numero 9',1,''),('897646-004','NIKE LEBRON SOLDIER NEGRO',1,5,2300,'','',6,''),('897646-007','NIKE LEBRON SOLDIER PLATA',1,4,2300,'','',10,''),('897646-700','nike lebron cake ',1,5,2150,'','',2,''),('903592-373','nike cr7 gris-verde botin',0,3,1250,'','numero 3',0,''),('903599-801','nike amarillo rallas',1,4,1250,'','numero 4',1,''),('903600-801','chute nike amarillo botin',1,3,1200,'','numero 4',3,''),('917726-400','nike azul',1,5,2000,'','',2,''),('917742-004','nike jaeson keed negro',0,4,2000,'','numero 9',1,''),('917742-004-','nike jason keed negro',0,1,0,'','numero 8',0,''),('917769-801','rapido botin negro-amarillo',0,4,1600,'','numero 8',0,''),('932301','calcetin puma con 6',1,11,350,'','',4,''),('960816','oasics gris-nara num 5',0,1,1000,'','.',0,''),('97530L','sketshers azul-naranja',0,10,650,'','numero18 ',0,''),('AA1090-100','LEBRON NEGRO-BLANCO',1,5,2300,'','',1,''),('AA1282','Jordan negro-rojo',0,6,2000,'','numero 9 mexicano',0,''),('AH7268-081','NIKE CHUTE GRIS-NARANJA',1,3,1400,'','',4,'');
/*!40000 ALTER TABLE `productos` ENABLE KEYS */;
UNLOCK TABLES;

--
-- Temporary view structure for view `productos_para_venta`
--

DROP TABLE IF EXISTS `productos_para_venta`;
/*!50001 DROP VIEW IF EXISTS `productos_para_venta`*/;
SET @saved_cs_client     = @@character_set_client;
SET character_set_client = utf8;
/*!50001 CREATE VIEW `productos_para_venta` AS SELECT
 1 AS `CLAVE`,
 1 AS `NOMBRE`,
 1 AS `PRECIO`*/;
SET character_set_client = @saved_cs_client;

--
-- Temporary view structure for view `productos_por_apartados`
--

DROP TABLE IF EXISTS `productos_por_apartados`;
/*!50001 DROP VIEW IF EXISTS `productos_por_apartados`*/;
SET @saved_cs_client     = @@character_set_client;
SET character_set_client = utf8;
/*!50001 CREATE VIEW `productos_por_apartados` AS SELECT
 1 AS `FOLIO_APARTADO`,
 1 AS `NOMBRE`,
 1 AS `PRECIO`*/;
SET character_set_client = @saved_cs_client;

--
-- Temporary view structure for view `reporte_compras`
--

DROP TABLE IF EXISTS `reporte_compras`;
/*!50001 DROP VIEW IF EXISTS `reporte_compras`*/;
SET @saved_cs_client     = @@character_set_client;
SET character_set_client = utf8;
/*!50001 CREATE VIEW `reporte_compras` AS SELECT
 1 AS `FOLIO`,
 1 AS `FOLIO_EGRESO`,
 1 AS `USUARIO`,
 1 AS `FECHA`,
 1 AS `TOTAL`,
 1 AS `CANCELADO`*/;
SET character_set_client = @saved_cs_client;

--
-- Temporary view structure for view `reporte_consultas`
--

DROP TABLE IF EXISTS `reporte_consultas`;
/*!50001 DROP VIEW IF EXISTS `reporte_consultas`*/;
SET @saved_cs_client     = @@character_set_client;
SET character_set_client = utf8;
/*!50001 CREATE VIEW `reporte_consultas` AS SELECT
 1 AS `ID`,
 1 AS `FECHA`,
 1 AS `NOMBRE`,
 1 AS `USUARIO`*/;
SET character_set_client = @saved_cs_client;

--
-- Temporary view structure for view `reporte_egresos`
--

DROP TABLE IF EXISTS `reporte_egresos`;
/*!50001 DROP VIEW IF EXISTS `reporte_egresos`*/;
SET @saved_cs_client     = @@character_set_client;
SET character_set_client = utf8;
/*!50001 CREATE VIEW `reporte_egresos` AS SELECT
 1 AS `FOLIO`,
 1 AS `MONTO`,
 1 AS `FECHA`,
 1 AS `USUARIO`,
 1 AS `DETALLES`,
 1 AS `TIPO`,
 1 AS `CANCELADO`*/;
SET character_set_client = @saved_cs_client;

--
-- Temporary view structure for view `reporte_ingresos`
--

DROP TABLE IF EXISTS `reporte_ingresos`;
/*!50001 DROP VIEW IF EXISTS `reporte_ingresos`*/;
SET @saved_cs_client     = @@character_set_client;
SET character_set_client = utf8;
/*!50001 CREATE VIEW `reporte_ingresos` AS SELECT
 1 AS `FOLIO`,
 1 AS `MONTO`,
 1 AS `FECHA`,
 1 AS `USUARIO`,
 1 AS `DETALLES`,
 1 AS `TIPO`,
 1 AS `CANCELADO`,
 1 AS `FOLIO_APARTADO`,
 1 AS `FOLIO_VENTA`*/;
SET character_set_client = @saved_cs_client;

--
-- Temporary view structure for view `reporte_venta`
--

DROP TABLE IF EXISTS `reporte_venta`;
/*!50001 DROP VIEW IF EXISTS `reporte_venta`*/;
SET @saved_cs_client     = @@character_set_client;
SET character_set_client = utf8;
/*!50001 CREATE VIEW `reporte_venta` AS SELECT
 1 AS `FOLIO`,
 1 AS `FECHA`,
 1 AS `USUARIO`,
 1 AS `CLIENTE`,
 1 AS `FORMA_PAGO`,
 1 AS `TOTAL`,
 1 AS `CANCELADO`*/;
SET character_set_client = @saved_cs_client;

--
-- Temporary view structure for view `suma_egresos`
--

DROP TABLE IF EXISTS `suma_egresos`;
/*!50001 DROP VIEW IF EXISTS `suma_egresos`*/;
SET @saved_cs_client     = @@character_set_client;
SET character_set_client = utf8;
/*!50001 CREATE VIEW `suma_egresos` AS SELECT
 1 AS `FECHA`,
 1 AS `MONTO`*/;
SET character_set_client = @saved_cs_client;

--
-- Temporary view structure for view `suma_ingresos`
--

DROP TABLE IF EXISTS `suma_ingresos`;
/*!50001 DROP VIEW IF EXISTS `suma_ingresos`*/;
SET @saved_cs_client     = @@character_set_client;
SET character_set_client = utf8;
/*!50001 CREATE VIEW `suma_ingresos` AS SELECT
 1 AS `FECHA`,
 1 AS `MONTO`*/;
SET character_set_client = @saved_cs_client;

--
-- Table structure for table `tipos_egresos`
--

DROP TABLE IF EXISTS `tipos_egresos`;
/*!40101 SET @saved_cs_client     = @@character_set_client */;
/*!40101 SET character_set_client = utf8 */;
CREATE TABLE `tipos_egresos` (
  `TIPO` varchar(50) NOT NULL,
  PRIMARY KEY (`TIPO`)
) ENGINE=InnoDB DEFAULT CHARSET=utf8;
/*!40101 SET character_set_client = @saved_cs_client */;

--
-- Dumping data for table `tipos_egresos`
--

LOCK TABLES `tipos_egresos` WRITE;
/*!40000 ALTER TABLE `tipos_egresos` DISABLE KEYS */;
INSERT INTO `tipos_egresos` VALUES ('Compra de mercancia'),('Proveedor'),('Servicios');
/*!40000 ALTER TABLE `tipos_egresos` ENABLE KEYS */;
UNLOCK TABLES;

--
-- Table structure for table `tipos_ingresos`
--

DROP TABLE IF EXISTS `tipos_ingresos`;
/*!40101 SET @saved_cs_client     = @@character_set_client */;
/*!40101 SET character_set_client = utf8 */;
CREATE TABLE `tipos_ingresos` (
  `TIPO` varchar(50) NOT NULL,
  PRIMARY KEY (`TIPO`)
) ENGINE=InnoDB DEFAULT CHARSET=utf8;
/*!40101 SET character_set_client = @saved_cs_client */;

--
-- Dumping data for table `tipos_ingresos`
--

LOCK TABLES `tipos_ingresos` WRITE;
/*!40000 ALTER TABLE `tipos_ingresos` DISABLE KEYS */;
INSERT INTO `tipos_ingresos` VALUES ('Abono'),('Pago de contado'),('Recarga');
/*!40000 ALTER TABLE `tipos_ingresos` ENABLE KEYS */;
UNLOCK TABLES;

--
-- Table structure for table `usuarios`
--

DROP TABLE IF EXISTS `usuarios`;
/*!40101 SET @saved_cs_client     = @@character_set_client */;
/*!40101 SET character_set_client = utf8 */;
CREATE TABLE `usuarios` (
  `ID` int(11) NOT NULL AUTO_INCREMENT,
  `NOMBRE` varchar(127) NOT NULL,
  `CONTRASENIA` varchar(511) NOT NULL,
  `ID_NIVEL` int(11) NOT NULL,
  `ACTIVO` tinyint(1) NOT NULL DEFAULT '0',
  PRIMARY KEY (`ID`),
  UNIQUE KEY `NOMBRE` (`NOMBRE`),
  KEY `ID_NIVEL` (`ID_NIVEL`)
) ENGINE=InnoDB AUTO_INCREMENT=7 DEFAULT CHARSET=utf8;
/*!40101 SET character_set_client = @saved_cs_client */;

--
-- Dumping data for table `usuarios`
--

LOCK TABLES `usuarios` WRITE;
/*!40000 ALTER TABLE `usuarios` DISABLE KEYS */;
INSERT INTO `usuarios` VALUES (1,'Fenixoft','$2a$10$AitzRhvWtVIfcVagoHj8x.Ov.GrSpJ48U9pWF3bRMJobDpVvEdTOK',0,1),(2,'Admin','$2a$10$iVBRIjSjRoNfxUaowyMh.u2Yg4lW2HoPM3ryacKmRzXdT1OuxYDh6',1,1),(3,'diana','$2a$10$zDt8AMEINzg9cU6edRKInO.3JDzJC9ZSv73gz7/a2mgKQIyOFJuD6',2,1),(4,'abril','$2a$10$EvYDkKaqa.P1ZDJmO6MVpuCabl0KyFIYKF0rWC8FjtiE24Gvu0xQi',2,1),(5,'lili','$2a$10$1fTo5kwhAYkLdlxrt1wHf.q3ITFrgictqwhev09uY977A/7r4wXLa',2,1),(6,'briza','$2a$10$ZvbQ65vDkcVtjQmPnaxsCushFlAxvffD4HR3s4hWsxAu.p.Djv/kC',2,1);
/*!40000 ALTER TABLE `usuarios` ENABLE KEYS */;
UNLOCK TABLES;

--
-- Table structure for table `ventas`
--

DROP TABLE IF EXISTS `ventas`;
/*!40101 SET @saved_cs_client     = @@character_set_client */;
/*!40101 SET character_set_client = utf8 */;
CREATE TABLE `ventas` (
  `FOLIO` int(11) NOT NULL AUTO_INCREMENT,
  `FECHA` datetime NOT NULL DEFAULT CURRENT_TIMESTAMP,
  `ID_USUARIO` int(11) NOT NULL,
  `ID_CLIENTE` int(11) NOT NULL,
  `FORMA_PAGO` varchar(30) NOT NULL,
  `CANCELADO` tinyint(1) NOT NULL DEFAULT '0',
  `TOTAL` float NOT NULL,
  PRIMARY KEY (`FOLIO`),
  KEY `ID_CLIENTE` (`ID_CLIENTE`),
  KEY `ID_USUARIO` (`ID_USUARIO`),
  KEY `FORMA_PAGO` (`FORMA_PAGO`)
) ENGINE=InnoDB AUTO_INCREMENT=109 DEFAULT CHARSET=utf8;
/*!40101 SET character_set_client = @saved_cs_client */;

--
-- Dumping data for table `ventas`
--

LOCK TABLES `ventas` WRITE;
/*!40000 ALTER TABLE `ventas` DISABLE KEYS */;
INSERT INTO `ventas` VALUES (1,'2018-02-24 18:07:31',2,1,'Cancelado',1,3200),(2,'2018-03-03 09:13:48',2,1,'Cancelado',1,1600),(3,'2018-03-03 09:18:22',2,3,'Apartado',0,1200),(4,'2018-03-03 09:18:39',2,4,'Apartado',0,0),(5,'2018-03-03 09:20:03',2,3,'Apartado',0,0),(6,'2018-03-03 09:20:13',2,6,'Apartado',0,0),(7,'2018-03-03 10:17:25',2,1,'Cancelado',1,1200),(8,'2018-03-03 11:34:27',2,1,'Efectivo',0,2300),(9,'2018-03-05 11:03:41',2,1,'Cancelado',1,1000),(10,'2018-03-05 11:22:45',2,6,'Apartado',0,2300),(11,'2018-03-05 11:33:24',2,7,'Apartado',0,1300),(12,'2018-03-05 11:40:12',2,8,'Apartado',0,1500),(13,'2018-03-05 11:44:48',2,9,'Apartado',0,1000),(14,'2018-03-06 09:03:47',4,1,'Cancelado',1,800),(15,'2018-03-06 09:06:22',4,9,'Apartado',0,0),(16,'2018-03-06 11:29:21',4,1,'Apartado',0,0),(17,'2018-03-06 11:30:49',4,10,'Apartado',0,0),(18,'2018-03-06 11:32:58',4,10,'Apartado',0,0),(19,'2018-03-06 12:50:43',2,10,'Apartado',0,900),(20,'2018-03-06 12:56:14',2,2,'Apartado',0,1600),(21,'2018-03-06 18:49:15',4,11,'Apartado',0,0),(22,'2018-03-06 18:51:41',4,11,'Apartado',0,1000),(23,'2018-03-07 15:33:40',2,1,'Cancelado',1,1100),(24,'2018-03-08 12:18:44',4,12,'Apartado',0,2000),(25,'2018-03-09 17:39:27',4,11,'Apartado',0,0),(26,'2018-03-10 10:58:55',4,13,'Apartado',0,1100),(27,'2018-03-10 11:43:34',4,14,'Efectivo',0,0),(28,'2018-03-14 16:05:55',4,15,'Apartado',0,800),(29,'2018-03-14 16:56:59',1,1,'Apartado',0,1000),(30,'2018-03-16 10:49:56',2,16,'Apartado',0,1400),(31,'2018-03-16 10:52:44',2,16,'Apartado',0,1400),(32,'2018-03-16 10:55:57',2,16,'Apartado',0,1400),(33,'2018-03-16 11:08:41',2,17,'Apartado',0,1600),(34,'2018-03-16 11:13:37',2,13,'Cancelado',1,1000),(35,'2018-03-17 12:44:25',2,10,'Apartado',0,900),(36,'2018-03-19 18:18:53',2,1,'Efectivo',0,1200),(37,'2018-03-19 18:20:09',2,1,'Efectivo',0,1000),(38,'2018-03-23 11:27:15',2,1,'Cancelado',1,1200),(39,'2018-03-23 11:29:03',2,1,'Efectivo',0,1200),(40,'2018-03-26 09:54:43',5,1,'Cancelado',1,1400),(41,'2018-03-26 10:51:26',5,1,'Cancelado',1,1500),(42,'2018-03-26 16:51:18',5,1,'Efectivo',0,1200),(43,'2018-03-26 16:53:58',5,18,'Apartado',0,1500),(44,'2018-03-26 18:45:29',5,1,'Efectivo',0,1400),(45,'2018-03-28 10:10:31',5,1,'Efectivo',0,1400),(46,'2018-03-28 11:44:10',5,1,'Efectivo',0,2300),(47,'2018-03-28 18:00:59',5,1,'Efectivo',0,1400),(48,'2018-03-28 18:58:41',5,1,'Efectivo',0,800),(49,'2018-03-29 11:57:48',2,1,'Efectivo',0,2200),(50,'2018-03-31 10:14:39',2,19,'Apartado',0,2150),(51,'2018-04-02 13:06:10',5,1,'Cancelado',1,1600),(52,'2018-04-02 13:11:14',5,1,'Efectivo',0,1600),(53,'2018-04-03 16:57:56',5,1,'Efectivo',0,600),(54,'2018-04-03 18:10:03',5,1,'Efectivo',0,1200),(55,'2018-04-06 19:58:52',6,20,'Apartado',0,0),(56,'2018-04-06 19:59:01',6,20,'Apartado',0,0),(57,'2018-04-07 09:58:00',6,20,'Apartado',0,1600),(58,'2018-04-07 11:39:55',2,1,'Efectivo',0,1800),(59,'2018-04-07 16:33:18',6,4,'Apartado',0,0),(60,'2018-04-07 16:33:37',6,9,'Apartado',0,0),(61,'2018-04-07 16:36:39',6,4,'Apartado',0,0),(62,'2018-04-07 16:36:59',6,4,'Apartado',0,0),(63,'2018-04-08 10:03:08',6,4,'Apartado',0,0),(64,'2018-04-08 10:03:23',6,4,'Apartado',0,0),(65,'2018-04-08 10:03:28',6,4,'Apartado',0,0),(66,'2018-04-08 10:03:33',6,9,'Apartado',0,0),(67,'2018-04-08 11:30:20',6,9,'Apartado',0,0),(68,'2018-04-08 11:30:44',6,9,'Apartado',0,0),(69,'2018-04-08 11:33:50',6,1,'Cancelado',1,1000),(70,'2018-04-11 16:04:58',2,1,'Cancelado',1,1800),(71,'2018-04-11 17:49:05',2,1,'Efectivo',0,3000),(72,'2018-04-11 18:24:39',2,1,'Efectivo',0,2000),(73,'2018-04-12 12:40:29',6,3,'Apartado',0,0),(74,'2018-04-12 17:12:57',2,2,'Apartado',0,0),(75,'2018-04-15 12:16:11',6,22,'Apartado',0,2800),(76,'2018-04-16 10:40:58',2,1,'Efectivo',0,2000),(77,'2018-04-16 16:18:59',2,1,'Efectivo',0,1000),(78,'2018-04-21 19:35:56',6,20,'Apartado',0,5100),(79,'2018-04-22 13:20:58',6,23,'Apartado',0,0),(80,'2018-04-22 13:21:26',6,23,'Apartado',0,0),(81,'2018-04-22 13:22:27',6,23,'Apartado',0,1400),(82,'2018-04-23 12:10:55',6,1,'Cancelado',1,1800),(83,'2018-04-23 12:11:14',6,24,'Apartado',0,1800),(84,'2018-04-23 15:50:42',2,1,'Efectivo',0,2150),(85,'2018-04-23 15:51:26',2,1,'Efectivo',0,1600),(86,'2018-04-25 18:25:29',2,1,'Efectivo',0,1200),(87,'2018-04-27 11:19:02',2,25,'Apartado',0,1600),(88,'2018-04-28 09:48:23',2,26,'Apartado',0,1600),(89,'2018-04-28 12:56:53',2,1,'Efectivo',0,1400),(90,'2018-04-30 11:16:27',6,1,'Efectivo',0,2500),(91,'2018-05-02 10:15:34',2,1,'Efectivo',0,1000),(92,'2018-05-07 09:51:11',2,1,'Cancelado',1,1000),(93,'2018-05-07 09:59:31',2,1,'Cancelado',1,1200),(94,'2018-05-07 10:52:25',2,1,'Efectivo',0,1800),(95,'2018-05-10 10:33:21',2,28,'Apartado',0,0),(96,'2018-05-10 10:34:59',2,28,'Apartado',0,1200),(97,'2018-05-11 09:54:50',5,1,'Efectivo',0,1200),(98,'2018-05-11 16:44:43',5,1,'Efectivo',0,2300),(99,'2018-05-11 18:33:11',5,1,'Efectivo',0,1000),(100,'2018-05-15 17:26:25',1,1,'Apartado',0,3000),(101,'2018-05-18 12:28:01',2,1,'Efectivo',0,1800),(102,'2018-05-18 12:29:37',2,1,'Efectivo',0,1800),(103,'2018-05-18 12:34:37',2,1,'Efectivo',0,1800),(104,'2018-05-18 15:37:25',2,1,'Cancelado',1,1800),(105,'2018-05-18 15:43:35',3,1,'Cancelado',1,900),(106,'2018-05-18 17:20:14',3,1,'Cancelado',1,350),(107,'2018-05-19 11:55:42',2,1,'Cancelado',1,1550),(108,'2018-05-19 11:55:44',2,1,'Pendiente',0,0);
/*!40000 ALTER TABLE `ventas` ENABLE KEYS */;
UNLOCK TABLES;

--
-- Table structure for table `ventas_pendientes`
--

DROP TABLE IF EXISTS `ventas_pendientes`;
/*!40101 SET @saved_cs_client     = @@character_set_client */;
/*!40101 SET character_set_client = utf8 */;
CREATE TABLE `ventas_pendientes` (
  `FOLIO_VENTA` int(11) NOT NULL,
  PRIMARY KEY (`FOLIO_VENTA`)
) ENGINE=InnoDB DEFAULT CHARSET=utf8;
/*!40101 SET character_set_client = @saved_cs_client */;

--
-- Dumping data for table `ventas_pendientes`
--

LOCK TABLES `ventas_pendientes` WRITE;
/*!40000 ALTER TABLE `ventas_pendientes` DISABLE KEYS */;
INSERT INTO `ventas_pendientes` VALUES (108);
/*!40000 ALTER TABLE `ventas_pendientes` ENABLE KEYS */;
UNLOCK TABLES;

--
-- Table structure for table `ventas_productos`
--

DROP TABLE IF EXISTS `ventas_productos`;
/*!40101 SET @saved_cs_client     = @@character_set_client */;
/*!40101 SET character_set_client = utf8 */;
CREATE TABLE `ventas_productos` (
  `ID_ASIGNACION` int(11) NOT NULL AUTO_INCREMENT,
  `FOLIO_VENTA` int(11) NOT NULL,
  `CLAVE_PRODUCTO` varchar(15) NOT NULL,
  `PRECIO` float NOT NULL,
  PRIMARY KEY (`ID_ASIGNACION`),
  KEY `FOLIO_VENTA` (`FOLIO_VENTA`),
  KEY `CLAVE_PRODUCTO` (`CLAVE_PRODUCTO`)
) ENGINE=InnoDB AUTO_INCREMENT=91 DEFAULT CHARSET=utf8;
/*!40101 SET character_set_client = @saved_cs_client */;

--
-- Dumping data for table `ventas_productos`
--

LOCK TABLES `ventas_productos` WRITE;
/*!40000 ALTER TABLE `ventas_productos` DISABLE KEYS */;
INSERT INTO `ventas_productos` VALUES (1,1,'747486',1600),(2,1,'747486',1600),(3,2,'747486',1600),(4,3,'1264221-669',1200),(5,7,'1264221-669',1200),(6,8,'897644-005',2300),(7,9,'1259034-410',1000),(8,10,'897644-200',2300),(9,11,'719912-602',1300),(10,12,'843957-805',1500),(11,13,'1247997',1000),(12,14,'749891-845',800),(13,19,'831408-601',900),(14,20,'118727479',1600),(15,22,'1259034',1000),(16,23,'4501275287',1100),(17,24,'917742-004',2000),(18,26,'4501275287',1100),(19,28,'18920101',800),(20,29,'1272293',1000),(21,30,'852601-001',1400),(22,31,'852601-001',1400),(23,32,'852601-001',1400),(24,33,'810868-605',1600),(25,34,'580915',1000),(26,35,'831408-601',900),(27,36,'116612218',1200),(28,37,'819316',1000),(29,38,'1258785-600',1200),(30,39,'1258785-600',1200),(31,40,'117810242',1400),(32,41,'852554-801',1500),(33,42,'113627489',1200),(34,43,'852554-801',1500),(35,44,'117560197',1400),(36,45,'117560197',1400),(37,46,'897644-200',2300),(38,47,'117563059',1400),(39,48,'749891-845',800),(40,49,'065297146',1200),(41,49,'960816',1000),(42,50,'897646-700',2150),(43,51,'747486',1600),(44,52,'917769-801',1600),(45,53,'721356',600),(46,54,'118370143',1200),(47,57,'118281461',1600),(48,58,'119328039',1800),(49,69,'1247997',1000),(50,70,'119327662',1800),(51,71,'113955746',1400),(52,71,'116994808',1600),(53,72,'917742-004',2000),(54,75,'117684761',1400),(55,75,'118727480',1400),(56,76,'749417-084',2000),(57,77,'55061',1000),(58,78,'118255981',1400),(59,78,'117563059',1400),(60,78,'897644-005',2300),(61,81,'117810242',1400),(62,82,'119327662',1800),(63,83,'119327662',1800),(64,84,'897646-700',2150),(65,85,'118403028',1600),(66,86,'819300-600',1200),(67,87,'117643444',1600),(68,88,'116994808',1600),(69,89,'117563059',1400),(70,90,'1285487-001',1000),(71,90,'844595-008',1500),(72,91,'1252310-458',1000),(73,92,'1273961-448',1000),(74,93,'1245951-429',1200),(75,94,'119327662',1800),(76,96,'1285652-998',1200),(77,97,'1295736-104',1200),(78,98,'897646-007',2300),(79,99,'1258736-039',1000),(80,100,'833583-007',1500),(81,100,'852550-308',1500),(82,101,'119327662',1800),(83,102,'119327662',1800),(84,103,'119327662',1800),(85,104,'119327662',1800),(86,105,'819167-601',900),(87,106,'932301',350),(88,107,'1258785-600',1200),(89,107,'932301',350),(90,108,'119327662',1800);
/*!40000 ALTER TABLE `ventas_productos` ENABLE KEYS */;
UNLOCK TABLES;

--
-- Final view structure for view `abonos_apartados`
--

/*!50001 DROP VIEW IF EXISTS `abonos_apartados`*/;
/*!50001 SET @saved_cs_client          = @@character_set_client */;
/*!50001 SET @saved_cs_results         = @@character_set_results */;
/*!50001 SET @saved_col_connection     = @@collation_connection */;
/*!50001 SET character_set_client      = utf8 */;
/*!50001 SET character_set_results     = utf8 */;
/*!50001 SET collation_connection      = utf8_general_ci */;
/*!50001 CREATE ALGORITHM=UNDEFINED */
/*!50013 DEFINER=`root`@`localhost` SQL SECURITY DEFINER */
/*!50001 VIEW `abonos_apartados` AS select `abonos`.`FOLIO_APARTADO` AS `FOLIO_APARTADO`,`abonos`.`FOLIO_TICKET` AS `FOLIO_TICKET`,`ingresos`.`FECHA` AS `FECHA`,`usuarios`.`NOMBRE` AS `USUARIO`,`ingresos`.`MONTO` AS `MONTO`,`ingresos`.`CANCELADO` AS `CANCELADO` from (((`abonos` join `apartados`) join `ingresos`) join `usuarios` on(((`ingresos`.`FOLIO` = `abonos`.`FOLIO_TICKET`) and (`usuarios`.`ID` = `ingresos`.`ID_USUARIO`) and (`apartados`.`FOLIO` = `abonos`.`FOLIO_APARTADO`)))) */;
/*!50001 SET character_set_client      = @saved_cs_client */;
/*!50001 SET character_set_results     = @saved_cs_results */;
/*!50001 SET collation_connection      = @saved_col_connection */;

--
-- Final view structure for view `apartados_por_cliente`
--

/*!50001 DROP VIEW IF EXISTS `apartados_por_cliente`*/;
/*!50001 SET @saved_cs_client          = @@character_set_client */;
/*!50001 SET @saved_cs_results         = @@character_set_results */;
/*!50001 SET @saved_col_connection     = @@collation_connection */;
/*!50001 SET character_set_client      = utf8 */;
/*!50001 SET character_set_results     = utf8 */;
/*!50001 SET collation_connection      = utf8_general_ci */;
/*!50001 CREATE ALGORITHM=UNDEFINED */
/*!50013 DEFINER=`root`@`localhost` SQL SECURITY DEFINER */
/*!50001 VIEW `apartados_por_cliente` AS select `clientes`.`ID` AS `ID_CLIENTE`,`apartados`.`FOLIO` AS `FOLIO`,`ventas_productos`.`FOLIO_VENTA` AS `FOLIO_VENTA`,`apartados`.`TOTAL` AS `TOTAL`,`apartados`.`SALDO_PENDIENTE` AS `SALDO_PENDIENTE`,`apartados`.`CANCELADO` AS `CANCELADO`,`apartados`.`ENTREGADO` AS `ENTREGADO` from ((((`apartados` join `clientes`) join `ventas`) join `apartados_asignaciones`) join `ventas_productos` on(((`clientes`.`ID` = `apartados`.`ID_CLIENTE`) and (`apartados`.`FOLIO` = `apartados_asignaciones`.`FOLIO_APARTADO`) and (`apartados_asignaciones`.`ID_ASIGNACION` = `ventas_productos`.`ID_ASIGNACION`) and (`ventas`.`FOLIO` = `ventas_productos`.`FOLIO_VENTA`)))) group by `apartados`.`FOLIO` */;
/*!50001 SET character_set_client      = @saved_cs_client */;
/*!50001 SET character_set_results     = @saved_cs_results */;
/*!50001 SET collation_connection      = @saved_col_connection */;

--
-- Final view structure for view `buscar_por_subfolio`
--

/*!50001 DROP VIEW IF EXISTS `buscar_por_subfolio`*/;
/*!50001 SET @saved_cs_client          = @@character_set_client */;
/*!50001 SET @saved_cs_results         = @@character_set_results */;
/*!50001 SET @saved_col_connection     = @@collation_connection */;
/*!50001 SET character_set_client      = utf8 */;
/*!50001 SET character_set_results     = utf8 */;
/*!50001 SET collation_connection      = utf8_general_ci */;
/*!50001 CREATE ALGORITHM=UNDEFINED */
/*!50013 DEFINER=`root`@`localhost` SQL SECURITY DEFINER */
/*!50001 VIEW `buscar_por_subfolio` AS select `apartados`.`ID_CLIENTE` AS `ID_CLIENTE`,`apartados_asignaciones`.`ID_ASIGNACION` AS `SUBFOLIO`,`apartados`.`FOLIO` AS `FOLIO` from (`apartados` join `apartados_asignaciones` on((`apartados`.`FOLIO` = `apartados_asignaciones`.`FOLIO_APARTADO`))) */;
/*!50001 SET character_set_client      = @saved_cs_client */;
/*!50001 SET character_set_results     = @saved_cs_results */;
/*!50001 SET collation_connection      = @saved_col_connection */;

--
-- Final view structure for view `clientes_con_formato`
--

/*!50001 DROP VIEW IF EXISTS `clientes_con_formato`*/;
/*!50001 SET @saved_cs_client          = @@character_set_client */;
/*!50001 SET @saved_cs_results         = @@character_set_results */;
/*!50001 SET @saved_col_connection     = @@collation_connection */;
/*!50001 SET character_set_client      = utf8 */;
/*!50001 SET character_set_results     = utf8 */;
/*!50001 SET collation_connection      = utf8_general_ci */;
/*!50001 CREATE ALGORITHM=UNDEFINED */
/*!50013 DEFINER=`root`@`localhost` SQL SECURITY DEFINER */
/*!50001 VIEW `clientes_con_formato` AS select `clientes`.`ID` AS `ID`,concat(`clientes`.`NOMBRE`,' ',`clientes`.`APELLIDO_PATERNO`,' ',`clientes`.`APELLIDO_MATERNO`) AS `NOMBRE`,`clientes`.`TELEFONO1` AS `TELEFONO1`,`clientes`.`TELEFONO2` AS `TELEFONO2` from `clientes` */;
/*!50001 SET character_set_client      = @saved_cs_client */;
/*!50001 SET character_set_results     = @saved_cs_results */;
/*!50001 SET collation_connection      = @saved_col_connection */;

--
-- Final view structure for view `compra_detalle`
--

/*!50001 DROP VIEW IF EXISTS `compra_detalle`*/;
/*!50001 SET @saved_cs_client          = @@character_set_client */;
/*!50001 SET @saved_cs_results         = @@character_set_results */;
/*!50001 SET @saved_col_connection     = @@collation_connection */;
/*!50001 SET character_set_client      = utf8 */;
/*!50001 SET character_set_results     = utf8 */;
/*!50001 SET collation_connection      = utf8_general_ci */;
/*!50001 CREATE ALGORITHM=UNDEFINED */
/*!50013 DEFINER=`root`@`localhost` SQL SECURITY DEFINER */
/*!50001 VIEW `compra_detalle` AS select `compras_productos`.`FOLIO_COMPRA` AS `FOLIO_COMPRA`,`productos`.`CLAVE` AS `CLAVE`,`productos`.`NOMBRE` AS `NOMBRE`,`compras_productos`.`CANTIDAD` AS `CANTIDAD`,`compras_productos`.`PRECIO_UNITARIO` AS `PRECIO_UNITARIO`,(`compras_productos`.`CANTIDAD` * `compras_productos`.`PRECIO_UNITARIO`) AS `PRECIO_TOTAL` from (`compras_productos` join `productos` on((`compras_productos`.`CLAVE_PRODUCTO` = `productos`.`CLAVE`))) */;
/*!50001 SET character_set_client      = @saved_cs_client */;
/*!50001 SET character_set_results     = @saved_cs_results */;
/*!50001 SET collation_connection      = @saved_col_connection */;

--
-- Final view structure for view `consulta_producto`
--

/*!50001 DROP VIEW IF EXISTS `consulta_producto`*/;
/*!50001 SET @saved_cs_client          = @@character_set_client */;
/*!50001 SET @saved_cs_results         = @@character_set_results */;
/*!50001 SET @saved_col_connection     = @@collation_connection */;
/*!50001 SET character_set_client      = utf8 */;
/*!50001 SET character_set_results     = utf8 */;
/*!50001 SET collation_connection      = utf8_general_ci */;
/*!50001 CREATE ALGORITHM=UNDEFINED */
/*!50013 DEFINER=`root`@`localhost` SQL SECURITY DEFINER */
/*!50001 VIEW `consulta_producto` AS select `productos`.`CLAVE` AS `CLAVE`,`productos`.`NOMBRE` AS `NOMBRE`,`categorias`.`NOMBRE` AS `CATEGORIA`,`productos`.`PRECIO` AS `PRECIO`,`productos`.`EXISTENCIA` AS `EXISTENCIA`,`productos`.`IMAGEN` AS `IMAGEN` from (`productos` join `categorias` on((`productos`.`ID_CATEGORIA` = `categorias`.`ID`))) */;
/*!50001 SET character_set_client      = @saved_cs_client */;
/*!50001 SET character_set_results     = @saved_cs_results */;
/*!50001 SET collation_connection      = @saved_col_connection */;

--
-- Final view structure for view `corte_caja`
--

/*!50001 DROP VIEW IF EXISTS `corte_caja`*/;
/*!50001 SET @saved_cs_client          = @@character_set_client */;
/*!50001 SET @saved_cs_results         = @@character_set_results */;
/*!50001 SET @saved_col_connection     = @@collation_connection */;
/*!50001 SET character_set_client      = utf8 */;
/*!50001 SET character_set_results     = utf8 */;
/*!50001 SET collation_connection      = utf8_general_ci */;
/*!50001 CREATE ALGORITHM=UNDEFINED */
/*!50013 DEFINER=`root`@`localhost` SQL SECURITY DEFINER */
/*!50001 VIEW `corte_caja` AS select `tienda_de_ropa`.`aperturas_de_caja`.`FECHA` AS `FECHA`,`tienda_de_ropa`.`aperturas_de_caja`.`MONTO` AS `APERTURA`,if(isnull(`ingresos`.`MONTO`),0,`ingresos`.`MONTO`) AS `INGRESOS`,if(isnull(`egresos`.`MONTO`),0,`egresos`.`MONTO`) AS `EGRESOS`,((`tienda_de_ropa`.`aperturas_de_caja`.`MONTO` + if(isnull(`ingresos`.`MONTO`),0,`ingresos`.`MONTO`)) - if(isnull(`egresos`.`MONTO`),0,`egresos`.`MONTO`)) AS `CIERRE` from ((`tienda_de_ropa`.`aperturas_de_caja` left join (select `tienda_de_ropa`.`ingresos`.`FECHA` AS `FECHA`,sum(`tienda_de_ropa`.`ingresos`.`MONTO`) AS `MONTO` from `tienda_de_ropa`.`ingresos` where (`tienda_de_ropa`.`ingresos`.`CANCELADO` = FALSE) group by cast(`tienda_de_ropa`.`ingresos`.`FECHA` as date)) `ingresos` on((`tienda_de_ropa`.`aperturas_de_caja`.`FECHA` = cast(`ingresos`.`FECHA` as date)))) left join (select `tienda_de_ropa`.`egresos`.`FECHA` AS `FECHA`,sum(`tienda_de_ropa`.`egresos`.`MONTO`) AS `MONTO` from `tienda_de_ropa`.`egresos` where (`tienda_de_ropa`.`egresos`.`CANCELADO` = FALSE) group by cast(`tienda_de_ropa`.`egresos`.`FECHA` as date)) `egresos` on((cast(`ingresos`.`FECHA` as date) = cast(`egresos`.`FECHA` as date)))) */;
/*!50001 SET character_set_client      = @saved_cs_client */;
/*!50001 SET character_set_results     = @saved_cs_results */;
/*!50001 SET collation_connection      = @saved_col_connection */;

--
-- Final view structure for view `detalle_venta`
--

/*!50001 DROP VIEW IF EXISTS `detalle_venta`*/;
/*!50001 SET @saved_cs_client          = @@character_set_client */;
/*!50001 SET @saved_cs_results         = @@character_set_results */;
/*!50001 SET @saved_col_connection     = @@collation_connection */;
/*!50001 SET character_set_client      = utf8 */;
/*!50001 SET character_set_results     = utf8 */;
/*!50001 SET collation_connection      = utf8_general_ci */;
/*!50001 CREATE ALGORITHM=UNDEFINED */
/*!50013 DEFINER=`root`@`localhost` SQL SECURITY DEFINER */
/*!50001 VIEW `detalle_venta` AS select `ventas_productos`.`FOLIO_VENTA` AS `FOLIO_VENTA`,`ventas_productos`.`ID_ASIGNACION` AS `ASIGNACION`,`productos`.`CLAVE` AS `CLAVE`,`productos`.`NOMBRE` AS `NOMBRE`,`ventas_productos`.`PRECIO` AS `PRECIO` from (`ventas_productos` join `productos` on((`ventas_productos`.`CLAVE_PRODUCTO` = `productos`.`CLAVE`))) */;
/*!50001 SET character_set_client      = @saved_cs_client */;
/*!50001 SET character_set_results     = @saved_cs_results */;
/*!50001 SET collation_connection      = @saved_col_connection */;

--
-- Final view structure for view `detalles_apartados`
--

/*!50001 DROP VIEW IF EXISTS `detalles_apartados`*/;
/*!50001 SET @saved_cs_client          = @@character_set_client */;
/*!50001 SET @saved_cs_results         = @@character_set_results */;
/*!50001 SET @saved_col_connection     = @@collation_connection */;
/*!50001 SET character_set_client      = utf8 */;
/*!50001 SET character_set_results     = utf8 */;
/*!50001 SET collation_connection      = utf8_general_ci */;
/*!50001 CREATE ALGORITHM=UNDEFINED */
/*!50013 DEFINER=`root`@`localhost` SQL SECURITY DEFINER */
/*!50001 VIEW `detalles_apartados` AS select `apartados`.`FOLIO` AS `FOLIO`,`productos`.`NOMBRE` AS `NOMBRE`,`ventas_productos`.`PRECIO` AS `PRECIO` from (((`apartados` join `apartados_asignaciones`) join `ventas_productos`) join `productos` on(((`apartados`.`FOLIO` = `apartados_asignaciones`.`FOLIO_APARTADO`) and (`apartados_asignaciones`.`ID_ASIGNACION` = `ventas_productos`.`ID_ASIGNACION`) and (`ventas_productos`.`CLAVE_PRODUCTO` = `productos`.`CLAVE`)))) */;
/*!50001 SET character_set_client      = @saved_cs_client */;
/*!50001 SET character_set_results     = @saved_cs_results */;
/*!50001 SET collation_connection      = @saved_col_connection */;

--
-- Final view structure for view `detalles_productos`
--

/*!50001 DROP VIEW IF EXISTS `detalles_productos`*/;
/*!50001 SET @saved_cs_client          = @@character_set_client */;
/*!50001 SET @saved_cs_results         = @@character_set_results */;
/*!50001 SET @saved_col_connection     = @@collation_connection */;
/*!50001 SET character_set_client      = utf8 */;
/*!50001 SET character_set_results     = utf8 */;
/*!50001 SET collation_connection      = utf8_general_ci */;
/*!50001 CREATE ALGORITHM=UNDEFINED */
/*!50013 DEFINER=`root`@`localhost` SQL SECURITY DEFINER */
/*!50001 VIEW `detalles_productos` AS select `productos`.`CLAVE` AS `CLAVE`,`productos`.`NOMBRE` AS `NOMBRE`,`productos`.`NUEVO` AS `NUEVO`,`categorias`.`NOMBRE` AS `CATEGORIA`,`productos`.`PRECIO` AS `PRECIO`,`productos`.`DETALLES` AS `DETALLES`,`productos`.`IMAGEN` AS `IMAGEN` from (`productos` join `categorias` on((`productos`.`ID_CATEGORIA` = `categorias`.`ID`))) */;
/*!50001 SET character_set_client      = @saved_cs_client */;
/*!50001 SET character_set_results     = @saved_cs_results */;
/*!50001 SET collation_connection      = @saved_col_connection */;

--
-- Final view structure for view `detalles_ventas_pendientes`
--

/*!50001 DROP VIEW IF EXISTS `detalles_ventas_pendientes`*/;
/*!50001 SET @saved_cs_client          = @@character_set_client */;
/*!50001 SET @saved_cs_results         = @@character_set_results */;
/*!50001 SET @saved_col_connection     = @@collation_connection */;
/*!50001 SET character_set_client      = utf8 */;
/*!50001 SET character_set_results     = utf8 */;
/*!50001 SET collation_connection      = utf8_general_ci */;
/*!50001 CREATE ALGORITHM=UNDEFINED */
/*!50013 DEFINER=`root`@`localhost` SQL SECURITY DEFINER */
/*!50001 VIEW `detalles_ventas_pendientes` AS select `ventas_pendientes`.`FOLIO_VENTA` AS `FOLIO`,`nombre_cliente`.`ID` AS `ID_CLIENTE`,`nombre_cliente`.`NOMBRE` AS `CLIENTE` from ((`ventas_pendientes` join `ventas` on((`ventas_pendientes`.`FOLIO_VENTA` = `ventas`.`FOLIO`))) join `nombre_cliente` on((`nombre_cliente`.`ID` = `ventas`.`ID_CLIENTE`))) */;
/*!50001 SET character_set_client      = @saved_cs_client */;
/*!50001 SET character_set_results     = @saved_cs_results */;
/*!50001 SET collation_connection      = @saved_col_connection */;

--
-- Final view structure for view `inventario`
--

/*!50001 DROP VIEW IF EXISTS `inventario`*/;
/*!50001 SET @saved_cs_client          = @@character_set_client */;
/*!50001 SET @saved_cs_results         = @@character_set_results */;
/*!50001 SET @saved_col_connection     = @@collation_connection */;
/*!50001 SET character_set_client      = utf8 */;
/*!50001 SET character_set_results     = utf8 */;
/*!50001 SET collation_connection      = utf8_general_ci */;
/*!50001 CREATE ALGORITHM=UNDEFINED */
/*!50013 DEFINER=`root`@`localhost` SQL SECURITY DEFINER */
/*!50001 VIEW `inventario` AS select `productos`.`CLAVE` AS `CLAVE`,`productos`.`NOMBRE` AS `NOMBRE`,`productos`.`NUEVO` AS `NUEVO`,`categorias`.`NOMBRE` AS `CATEGORIA`,`productos`.`EXISTENCIA` AS `EXISTENCIA` from (`productos` join `categorias` on((`productos`.`ID_CATEGORIA` = `categorias`.`ID`))) */;
/*!50001 SET character_set_client      = @saved_cs_client */;
/*!50001 SET character_set_results     = @saved_cs_results */;
/*!50001 SET collation_connection      = @saved_col_connection */;

--
-- Final view structure for view `nivel_de_usuario`
--

/*!50001 DROP VIEW IF EXISTS `nivel_de_usuario`*/;
/*!50001 SET @saved_cs_client          = @@character_set_client */;
/*!50001 SET @saved_cs_results         = @@character_set_results */;
/*!50001 SET @saved_col_connection     = @@collation_connection */;
/*!50001 SET character_set_client      = utf8 */;
/*!50001 SET character_set_results     = utf8 */;
/*!50001 SET collation_connection      = utf8_general_ci */;
/*!50001 CREATE ALGORITHM=UNDEFINED */
/*!50013 DEFINER=`root`@`localhost` SQL SECURITY DEFINER */
/*!50001 VIEW `nivel_de_usuario` AS select `usuarios`.`ID` AS `ID_USUARIO`,`usuarios`.`NOMBRE` AS `NOMBRE`,`niveles_usuario`.`ID` AS `ID_NIVEL`,`niveles_usuario`.`NOMBRE` AS `NIVEL` from (`usuarios` join `niveles_usuario` on((`usuarios`.`ID_NIVEL` = `niveles_usuario`.`ID`))) */;
/*!50001 SET character_set_client      = @saved_cs_client */;
/*!50001 SET character_set_results     = @saved_cs_results */;
/*!50001 SET collation_connection      = @saved_col_connection */;

--
-- Final view structure for view `nombre_cliente`
--

/*!50001 DROP VIEW IF EXISTS `nombre_cliente`*/;
/*!50001 SET @saved_cs_client          = @@character_set_client */;
/*!50001 SET @saved_cs_results         = @@character_set_results */;
/*!50001 SET @saved_col_connection     = @@collation_connection */;
/*!50001 SET character_set_client      = utf8 */;
/*!50001 SET character_set_results     = utf8 */;
/*!50001 SET collation_connection      = utf8_general_ci */;
/*!50001 CREATE ALGORITHM=UNDEFINED */
/*!50013 DEFINER=`root`@`localhost` SQL SECURITY DEFINER */
/*!50001 VIEW `nombre_cliente` AS select `clientes`.`ID` AS `ID`,concat(`clientes`.`NOMBRE`,' ',`clientes`.`APELLIDO_PATERNO`,' ',`clientes`.`APELLIDO_MATERNO`) AS `NOMBRE` from `clientes` */;
/*!50001 SET character_set_client      = @saved_cs_client */;
/*!50001 SET character_set_results     = @saved_cs_results */;
/*!50001 SET collation_connection      = @saved_col_connection */;

--
-- Final view structure for view `productos_para_venta`
--

/*!50001 DROP VIEW IF EXISTS `productos_para_venta`*/;
/*!50001 SET @saved_cs_client          = @@character_set_client */;
/*!50001 SET @saved_cs_results         = @@character_set_results */;
/*!50001 SET @saved_col_connection     = @@collation_connection */;
/*!50001 SET character_set_client      = utf8 */;
/*!50001 SET character_set_results     = utf8 */;
/*!50001 SET collation_connection      = utf8_general_ci */;
/*!50001 CREATE ALGORITHM=UNDEFINED */
/*!50013 DEFINER=`root`@`localhost` SQL SECURITY DEFINER */
/*!50001 VIEW `productos_para_venta` AS select `productos`.`CLAVE` AS `CLAVE`,`productos`.`NOMBRE` AS `NOMBRE`,`productos`.`PRECIO` AS `PRECIO` from `productos` */;
/*!50001 SET character_set_client      = @saved_cs_client */;
/*!50001 SET character_set_results     = @saved_cs_results */;
/*!50001 SET collation_connection      = @saved_col_connection */;

--
-- Final view structure for view `productos_por_apartados`
--

/*!50001 DROP VIEW IF EXISTS `productos_por_apartados`*/;
/*!50001 SET @saved_cs_client          = @@character_set_client */;
/*!50001 SET @saved_cs_results         = @@character_set_results */;
/*!50001 SET @saved_col_connection     = @@collation_connection */;
/*!50001 SET character_set_client      = utf8 */;
/*!50001 SET character_set_results     = utf8 */;
/*!50001 SET collation_connection      = utf8_general_ci */;
/*!50001 CREATE ALGORITHM=UNDEFINED */
/*!50013 DEFINER=`root`@`localhost` SQL SECURITY DEFINER */
/*!50001 VIEW `productos_por_apartados` AS select `apartados`.`FOLIO` AS `FOLIO_APARTADO`,`productos`.`NOMBRE` AS `NOMBRE`,`ventas_productos`.`PRECIO` AS `PRECIO` from (((`apartados` join `apartados_asignaciones`) join `ventas_productos`) join `productos` on(((`apartados`.`FOLIO` = `apartados_asignaciones`.`FOLIO_APARTADO`) and (`apartados_asignaciones`.`ID_ASIGNACION` = `ventas_productos`.`ID_ASIGNACION`) and (`ventas_productos`.`CLAVE_PRODUCTO` = `productos`.`CLAVE`)))) */;
/*!50001 SET character_set_client      = @saved_cs_client */;
/*!50001 SET character_set_results     = @saved_cs_results */;
/*!50001 SET collation_connection      = @saved_col_connection */;

--
-- Final view structure for view `reporte_compras`
--

/*!50001 DROP VIEW IF EXISTS `reporte_compras`*/;
/*!50001 SET @saved_cs_client          = @@character_set_client */;
/*!50001 SET @saved_cs_results         = @@character_set_results */;
/*!50001 SET @saved_col_connection     = @@collation_connection */;
/*!50001 SET character_set_client      = utf8 */;
/*!50001 SET character_set_results     = utf8 */;
/*!50001 SET collation_connection      = utf8_general_ci */;
/*!50001 CREATE ALGORITHM=UNDEFINED */
/*!50013 DEFINER=`root`@`localhost` SQL SECURITY DEFINER */
/*!50001 VIEW `reporte_compras` AS select `compras`.`FOLIO` AS `FOLIO`,`compras`.`FOLIO_EGRESO` AS `FOLIO_EGRESO`,`usuarios`.`NOMBRE` AS `USUARIO`,`egresos`.`FECHA` AS `FECHA`,`egresos`.`MONTO` AS `TOTAL`,`compras`.`CANCELADO` AS `CANCELADO` from ((`compras` join `egresos`) join `usuarios` on(((`compras`.`FOLIO_EGRESO` = `egresos`.`FOLIO`) and (`egresos`.`ID_USUARIO` = `usuarios`.`ID`)))) */;
/*!50001 SET character_set_client      = @saved_cs_client */;
/*!50001 SET character_set_results     = @saved_cs_results */;
/*!50001 SET collation_connection      = @saved_col_connection */;

--
-- Final view structure for view `reporte_consultas`
--

/*!50001 DROP VIEW IF EXISTS `reporte_consultas`*/;
/*!50001 SET @saved_cs_client          = @@character_set_client */;
/*!50001 SET @saved_cs_results         = @@character_set_results */;
/*!50001 SET @saved_col_connection     = @@collation_connection */;
/*!50001 SET character_set_client      = utf8 */;
/*!50001 SET character_set_results     = utf8 */;
/*!50001 SET collation_connection      = utf8_general_ci */;
/*!50001 CREATE ALGORITHM=UNDEFINED */
/*!50013 DEFINER=`root`@`localhost` SQL SECURITY DEFINER */
/*!50001 VIEW `reporte_consultas` AS select `consultas`.`ID` AS `ID`,`consultas`.`FECHA` AS `FECHA`,`productos`.`NOMBRE` AS `NOMBRE`,`usuarios`.`NOMBRE` AS `USUARIO` from ((`consultas` join `productos` on((`productos`.`CLAVE` = `consultas`.`CLAVE_PRODUCTO`))) join `usuarios` on((`usuarios`.`ID` = `consultas`.`ID_USUARIO`))) */;
/*!50001 SET character_set_client      = @saved_cs_client */;
/*!50001 SET character_set_results     = @saved_cs_results */;
/*!50001 SET collation_connection      = @saved_col_connection */;

--
-- Final view structure for view `reporte_egresos`
--

/*!50001 DROP VIEW IF EXISTS `reporte_egresos`*/;
/*!50001 SET @saved_cs_client          = @@character_set_client */;
/*!50001 SET @saved_cs_results         = @@character_set_results */;
/*!50001 SET @saved_col_connection     = @@collation_connection */;
/*!50001 SET character_set_client      = utf8 */;
/*!50001 SET character_set_results     = utf8 */;
/*!50001 SET collation_connection      = utf8_general_ci */;
/*!50001 CREATE ALGORITHM=UNDEFINED */
/*!50013 DEFINER=`root`@`localhost` SQL SECURITY DEFINER */
/*!50001 VIEW `reporte_egresos` AS select `egresos`.`FOLIO` AS `FOLIO`,`egresos`.`MONTO` AS `MONTO`,`egresos`.`FECHA` AS `FECHA`,`usuarios`.`NOMBRE` AS `USUARIO`,`egresos`.`DETALLES` AS `DETALLES`,`egresos`.`TIPO` AS `TIPO`,`egresos`.`CANCELADO` AS `CANCELADO` from (`egresos` join `usuarios` on((`egresos`.`ID_USUARIO` = `usuarios`.`ID`))) */;
/*!50001 SET character_set_client      = @saved_cs_client */;
/*!50001 SET character_set_results     = @saved_cs_results */;
/*!50001 SET collation_connection      = @saved_col_connection */;

--
-- Final view structure for view `reporte_ingresos`
--

/*!50001 DROP VIEW IF EXISTS `reporte_ingresos`*/;
/*!50001 SET @saved_cs_client          = @@character_set_client */;
/*!50001 SET @saved_cs_results         = @@character_set_results */;
/*!50001 SET @saved_col_connection     = @@collation_connection */;
/*!50001 SET character_set_client      = utf8 */;
/*!50001 SET character_set_results     = utf8 */;
/*!50001 SET collation_connection      = utf8_general_ci */;
/*!50001 CREATE ALGORITHM=UNDEFINED */
/*!50013 DEFINER=`root`@`localhost` SQL SECURITY DEFINER */
/*!50001 VIEW `reporte_ingresos` AS select `ingresos`.`FOLIO` AS `FOLIO`,`ingresos`.`MONTO` AS `MONTO`,`ingresos`.`FECHA` AS `FECHA`,`usuarios`.`NOMBRE` AS `USUARIO`,`ingresos`.`DETALLES` AS `DETALLES`,`ingresos`.`TIPO` AS `TIPO`,`ingresos`.`CANCELADO` AS `CANCELADO`,`abonos`.`FOLIO_APARTADO` AS `FOLIO_APARTADO`,`pagos_de_contado`.`FOLIO_VENTA` AS `FOLIO_VENTA` from (((`ingresos` join `usuarios` on((`ingresos`.`ID_USUARIO` = `usuarios`.`ID`))) left join `abonos` on((`abonos`.`FOLIO_TICKET` = `ingresos`.`FOLIO`))) left join `pagos_de_contado` on((`ingresos`.`FOLIO` = `pagos_de_contado`.`FOLIO_INGRESO`))) */;
/*!50001 SET character_set_client      = @saved_cs_client */;
/*!50001 SET character_set_results     = @saved_cs_results */;
/*!50001 SET collation_connection      = @saved_col_connection */;

--
-- Final view structure for view `reporte_venta`
--

/*!50001 DROP VIEW IF EXISTS `reporte_venta`*/;
/*!50001 SET @saved_cs_client          = @@character_set_client */;
/*!50001 SET @saved_cs_results         = @@character_set_results */;
/*!50001 SET @saved_col_connection     = @@collation_connection */;
/*!50001 SET character_set_client      = utf8 */;
/*!50001 SET character_set_results     = utf8 */;
/*!50001 SET collation_connection      = utf8_general_ci */;
/*!50001 CREATE ALGORITHM=UNDEFINED */
/*!50013 DEFINER=`root`@`localhost` SQL SECURITY DEFINER */
/*!50001 VIEW `reporte_venta` AS select `ventas`.`FOLIO` AS `FOLIO`,`ventas`.`FECHA` AS `FECHA`,`usuarios`.`NOMBRE` AS `USUARIO`,`nombre_cliente`.`NOMBRE` AS `CLIENTE`,`ventas`.`FORMA_PAGO` AS `FORMA_PAGO`,`ventas`.`TOTAL` AS `TOTAL`,`ventas`.`CANCELADO` AS `CANCELADO` from (((`ventas` left join `ventas_pendientes` on((`ventas`.`FOLIO` = `ventas_pendientes`.`FOLIO_VENTA`))) join `usuarios` on((`ventas`.`ID_USUARIO` = `usuarios`.`ID`))) join `nombre_cliente` on((`nombre_cliente`.`ID` = `ventas`.`ID_CLIENTE`))) where isnull(`ventas_pendientes`.`FOLIO_VENTA`) */;
/*!50001 SET character_set_client      = @saved_cs_client */;
/*!50001 SET character_set_results     = @saved_cs_results */;
/*!50001 SET collation_connection      = @saved_col_connection */;

--
-- Final view structure for view `suma_egresos`
--

/*!50001 DROP VIEW IF EXISTS `suma_egresos`*/;
/*!50001 SET @saved_cs_client          = @@character_set_client */;
/*!50001 SET @saved_cs_results         = @@character_set_results */;
/*!50001 SET @saved_col_connection     = @@collation_connection */;
/*!50001 SET character_set_client      = utf8 */;
/*!50001 SET character_set_results     = utf8 */;
/*!50001 SET collation_connection      = utf8_general_ci */;
/*!50001 CREATE ALGORITHM=UNDEFINED */
/*!50013 DEFINER=`root`@`localhost` SQL SECURITY DEFINER */
/*!50001 VIEW `suma_egresos` AS select `egresos`.`FECHA` AS `FECHA`,sum(`egresos`.`MONTO`) AS `MONTO` from `egresos` group by `egresos`.`FECHA` */;
/*!50001 SET character_set_client      = @saved_cs_client */;
/*!50001 SET character_set_results     = @saved_cs_results */;
/*!50001 SET collation_connection      = @saved_col_connection */;

--
-- Final view structure for view `suma_ingresos`
--

/*!50001 DROP VIEW IF EXISTS `suma_ingresos`*/;
/*!50001 SET @saved_cs_client          = @@character_set_client */;
/*!50001 SET @saved_cs_results         = @@character_set_results */;
/*!50001 SET @saved_col_connection     = @@collation_connection */;
/*!50001 SET character_set_client      = utf8 */;
/*!50001 SET character_set_results     = utf8 */;
/*!50001 SET collation_connection      = utf8_general_ci */;
/*!50001 CREATE ALGORITHM=UNDEFINED */
/*!50013 DEFINER=`root`@`localhost` SQL SECURITY DEFINER */
/*!50001 VIEW `suma_ingresos` AS select `ingresos`.`FECHA` AS `FECHA`,sum(`ingresos`.`MONTO`) AS `MONTO` from `ingresos` group by `ingresos`.`FECHA` */;
/*!50001 SET character_set_client      = @saved_cs_client */;
/*!50001 SET character_set_results     = @saved_cs_results */;
/*!50001 SET collation_connection      = @saved_col_connection */;
/*!40103 SET TIME_ZONE=@OLD_TIME_ZONE */;

/*!40101 SET SQL_MODE=@OLD_SQL_MODE */;
/*!40014 SET FOREIGN_KEY_CHECKS=@OLD_FOREIGN_KEY_CHECKS */;
/*!40014 SET UNIQUE_CHECKS=@OLD_UNIQUE_CHECKS */;
/*!40101 SET CHARACTER_SET_CLIENT=@OLD_CHARACTER_SET_CLIENT */;
/*!40101 SET CHARACTER_SET_RESULTS=@OLD_CHARACTER_SET_RESULTS */;
/*!40101 SET COLLATION_CONNECTION=@OLD_COLLATION_CONNECTION */;
/*!40111 SET SQL_NOTES=@OLD_SQL_NOTES */;

-- Dump completed on 2018-06-21 12:43:26